7,1,1000,
0.000000,9.000005,3.999990,1.000063,1.000000,3.000000,5.000000,0.000009,
0.010000,9.000005,3.999990,1.000063,1.000000,3.000000,5.000000,1.130239,
0.020000,9.000005,3.999990,1.000063,1.000000,3.000000,5.000000,2.256008,
0.030000,9.000005,3.999990,1.000063,1.000000,3.000000,5.000000,3.372874,
0.040000,9.000005,3.999990,1.000063,1.000000,3.000000,5.000000,4.476429,
0.050000,9.000005,3.999990,1.000063,1.000000,3.000000,5.000000,5.562317,
0.060000,9.000005,3.999990,1.000063,1.000000,3.000000,5.000000,6.626254,
0.070000,9.000005,3.999990,1.000063,1.000000,3.000000,5.000000,7.664039,
0.080000,9.000005,3.999990,1.000063,1.000000,3.000000,5.000000,8.671578,
0.090000,9.000005,3.999990,1.000063,1.000000,3.000000,5.000000,9.644895,
0.100000,9.000005,3.999990,1.000063,1.000000,3.000000,5.000000,10.580147,
0.110000,9.000005,3.999990,1.000063,1.000000,3.000000,5.000000,11.473645,
0.120000,9.000005,3.999990,1.000063,1.000000,3.000000,5.000000,12.321861,
0.130000,9.000005,3.999990,1.000063,1.000000,3.000000,5.000000,13.121448,
0.140000,9.000005,3.999990,1.000063,1.000000,3.000000,5.000000,13.869251,
0.150000,9.000005,3.999990,1.000063,1.000000,3.000000,5.000000,14.562319,
0.160000,9.000005,3.999990,1.000063,1.000000,3.000000,5.000000,15.197915,
0.170000,9.000005,3.999990,1.000063,1.000000,3.000000,5.000000,15.773533,
0.180000,9.000005,3.999990,1.000063,1.000000,3.000000,5.000000,16.286899,
0.190000,9.000005,3.999990,1.000063,1.000000,3.000000,5.000000,16.735989,
0.200000,9.000005,3.999990,1.000063,1.000000,3.000000,5.000000,17.119029,
0.210000,9.000005,3.999990,1.000063,1.000000,3.000000,5.000000,17.434508,
0.220000,9.000005,3.999990,1.000063,1.000000,3.000000,5.000000,17.681182,
0.230000,9.000005,3.999990,1.000063,1.000000,3.000000,5.000000,17.858075,
0.240000,9.000005,3.999990,1.000063,1.000000,3.000000,5.000000,17.964491,
0.250000,9.000005,3.999990,1.000063,1.000000,3.000000,5.000000,18.000010,
0.260000,9.000005,3.999990,1.000063,1.000000,3.000000,5.000000,17.964490,
0.270000,9.000005,3.999990,1.000063,1.000000,3.000000,5.000000,17.858073,
0.280000,9.000005,3.999990,1.000063,1.000000,3.000000,5.000000,17.681178,
0.290000,9.000005,3.999990,1.000063,1.000000,3.000000,5.000000,17.434504,
0.300000,9.000005,3.999990,1.000063,1.000000,3.000000,5.000000,17.119024,
0.310000,9.000005,3.999990,1.000063,1.000000,3.000000,5.000000,16.735982,
0.320000,9.000005,3.999990,1.000063,1.000000,3.000000,5.000000,16.286892,
0.330000,9.000005,3.999990,1.000063,1.000000,3.000000,5.000000,15.773524,
0.340000,9.000005,3.999990,1.000063,1.000000,3.000000,5.000000,15.197906,
0.350000,9.000005,3.999990,1.000063,1.000000,3.000000,5.000000,14.562309,
0.360000,9.000005,3.999990,1.000063,1.000000,3.000000,5.000000,13.869240,
0.370000,9.000005,3.999990,1.000063,1.000000,3.000000,5.000000,13.121436,
0.380000,9.000005,3.999990,1.000063,1.000000,3.000000,5.000000,12.321848,
0.390000,9.000005,3.999990,1.000063,1.000000,3.000000,5.000000,11.473631,
0.400000,9.000005,3.999990,1.000063,1.000000,3.000000,5.000000,10.580133,
0.410000,9.000005,3.999990,1.000063,1.000000,3.000000,5.000000,9.644880,
0.420000,9.000005,3.999990,1.000063,1.000000,3.000000,5.000000,8.671563,
0.430000,9.000005,3.999990,1.000063,1.000000,3.000000,5.000000,7.664023,
0.440000,9.000005,3.999990,1.000063,1.000000,3.000000,5.000000,6.626237,
0.450000,9.000005,3.999990,1.000063,1.000000,3.000000,5.000000,5.562301,
0.460000,9.000005,3.999990,1.000063,1.000000,3.000000,5.000000,4.476412,
0.470000,9.000005,3.999990,1.000063,1.000000,3.000000,5.000000,3.372857,
0.480000,9.000005,3.999990,1.000063,1.000000,3.000000,5.000000,2.255991,
0.490000,9.000005,3.999990,1.000063,1.000000,3.000000,5.000000,1.130221,
0.500000,9.000005,3.999990,1.000063,1.000000,3.000000,5.000000,-0.000009,
0.510000,9.000005,3.999990,1.000063,1.000000,3.000000,5.000000,-1.130239,
0.520000,9.000005,3.999990,1.000063,1.000000,3.000000,5.000000,-2.256008,
0.530000,9.000005,3.999990,1.000063,1.000000,3.000000,5.000000,-3.372874,
0.540000,9.000005,3.999990,1.000063,1.000000,3.000000,5.000000,-4.476429,
0.550000,9.000005,3.999990,1.000063,1.000000,3.000000,5.000000,-5.562317,
0.560000,9.000005,3.999990,1.000063,1.000000,3.000000,5.000000,-6.626254,
0.570000,9.000005,3.999990,1.000063,1.000000,3.000000,5.000000,-7.664039,
0.580000,9.000005,3.999990,1.000063,1.000000,3.000000,5.000000,-8.671578,
0.590000,9.000005,3.999990,1.000063,1.000000,3.000000,5.000000,-9.644895,
0.600000,9.000005,3.999990,1.000063,1.000000,3.000000,5.000000,-10.580147,
0.610000,9.000005,3.999990,1.000063,1.000000,3.000000,5.000000,-11.473645,
0.620000,9.000005,3.999990,1.000063,1.000000,3.000000,5.000000,-12.321861,
0.630000,9.000005,3.999990,1.000063,1.000000,3.000000,5.000000,-13.121448,
0.640000,9.000005,3.999990,1.000063,1.000000,3.000000,5.000000,-13.869251,
0.650000,9.000005,3.999990,1.000063,1.000000,3.000000,5.000000,-14.562319,
0.660000,9.000005,3.999990,1.000063,1.000000,3.000000,5.000000,-15.197915,
0.670000,9.000005,3.999990,1.000063,1.000000,3.000000,5.000000,-15.773533,
0.680000,9.000005,3.999990,1.000063,1.000000,3.000000,5.000000,-16.286899,
0.690000,9.000005,3.999990,1.000063,1.000000,3.000000,5.000000,-16.735989,
0.700000,9.000005,3.999990,1.000063,1.000000,3.000000,5.000000,-17.119029,
0.710000,9.000005,3.999990,1.000063,1.000000,3.000000,5.000000,-17.434508,
0.720000,9.000005,3.999990,1.000063,1.000000,3.000000,5.000000,-17.681182,
0.730000,9.000005,3.999990,1.000063,1.000000,3.000000,5.000000,-17.858075,
0.740000,9.000005,3.999990,1.000063,1.000000,3.000000,5.000000,-17.964491,
0.750000,9.000005,3.999990,1.000063,1.000000,3.000000,5.000000,-18.000010,
0.760000,9.000005,3.999990,1.000063,1.000000,3.000000,5.000000,-17.964490,
0.770000,9.000005,3.999990,1.000063,1.000000,3.000000,5.000000,-17.858073,
0.780000,9.000005,3.999990,1.000063,1.000000,3.000000,5.000000,-17.681178,
0.790000,9.000005,3.999990,1.000063,1.000000,3.000000,5.000000,-17.434504,
0.800000,9.000005,3.999990,1.000063,1.000000,3.000000,5.000000,-17.119024,
0.810000,9.000005,3.999990,1.000063,1.000000,3.000000,5.000000,-16.735982,
0.820000,9.000005,3.999990,1.000063,1.000000,3.000000,5.000000,-16.286892,
0.830000,9.000005,3.999990,1.000063,1.000000,3.000000,5.000000,-15.773524,
0.840000,9.000005,3.999990,1.000063,1.000000,3.000000,5.000000,-15.197906,
0.850000,9.000005,3.999990,1.000063,1.000000,3.000000,5.000000,-14.562309,
0.860000,9.000005,3.999990,1.000063,1.000000,3.000000,5.000000,-13.869240,
0.870000,9.000005,3.999990,1.000063,1.000000,3.000000,5.000000,-13.121436,
0.880000,9.000005,3.999990,1.000063,1.000000,3.000000,5.000000,-12.321848,
0.890000,9.000005,3.999990,1.000063,1.000000,3.000000,5.000000,-11.473631,
0.900000,9.000005,3.999990,1.000063,1.000000,3.000000,5.000000,-10.580133,
0.910000,9.000005,3.999990,1.000063,1.000000,3.000000,5.000000,-9.644880,
0.920000,9.000005,3.999990,1.000063,1.000000,3.000000,5.000000,-8.671563,
0.930000,9.000005,3.999990,1.000063,1.000000,3.000000,5.000000,-7.664023,
0.940000,9.000005,3.999990,1.000063,1.000000,3.000000,5.000000,-6.626237,
0.950000,9.000005,3.999990,1.000063,1.000000,3.000000,5.000000,-5.562301,
0.960000,9.000005,3.999990,1.000063,1.000000,3.000000,5.000000,-4.476412,
0.970000,9.000005,3.999990,1.000063,1.000000,3.000000,5.000000,-3.372857,
0.980000,9.000005,3.999990,1.000063,1.000000,3.000000,5.000000,-2.255991,
0.990000,9.000005,3.999990,1.000063,1.000000,3.000000,5.000000,-1.130221,
1.000000,9.000005,3.999990,1.000063,1.000000,3.000000,5.000000,0.000009,
1.010000,9.000005,3.999990,1.000063,1.000000,3.000000,5.000000,1.130239,
1.020000,9.000005,3.999990,1.000063,1.000000,3.000000,5.000000,2.256008,
1.030000,9.000005,3.999990,1.000063,1.000000,3.000000,5.000000,3.372874,
1.040000,9.000005,3.999990,1.000063,1.000000,3.000000,5.000000,4.476429,
1.050000,9.000005,3.999990,1.000063,1.000000,3.000000,5.000000,5.562317,
1.060000,9.000005,3.999990,1.000063,1.000000,3.000000,5.000000,6.626254,
1.070000,9.000005,3.999990,1.000063,1.000000,3.000000,5.000000,7.664039,
1.080000,9.000005,3.999990,1.000063,1.000000,3.000000,5.000000,8.671578,
1.090000,9.000005,3.999990,1.000063,1.000000,3.000000,5.000000,9.644895,
1.100000,9.000005,3.999990,1.000063,1.000000,3.000000,5.000000,10.580147,
1.110000,9.000005,3.999990,1.000063,1.000000,3.000000,5.000000,11.473645,
1.120000,9.000005,3.999990,1.000063,1.000000,3.000000,5.000000,12.321861,
1.130000,9.000005,3.999990,1.000063,1.000000,3.000000,5.000000,13.121448,
1.140000,9.000005,3.999990,1.000063,1.000000,3.000000,5.000000,13.869251,
1.150000,9.000005,3.999990,1.000063,1.000000,3.000000,5.000000,14.562319,
1.160000,9.000005,3.999990,1.000063,1.000000,3.000000,5.000000,15.197915,
1.170000,9.000005,3.999990,1.000063,1.000000,3.000000,5.000000,15.773533,
1.180000,9.000005,3.999990,1.000063,1.000000,3.000000,5.000000,16.286899,
1.190000,9.000005,3.999990,1.000063,1.000000,3.000000,5.000000,16.735989,
1.200000,9.000005,3.999990,1.000063,1.000000,3.000000,5.000000,17.119029,
1.210000,9.000005,3.999990,1.000063,1.000000,3.000000,5.000000,17.434508,
1.220000,9.000005,3.999990,1.000063,1.000000,3.000000,5.000000,17.681182,
1.230000,9.000005,3.999990,1.000063,1.000000,3.000000,5.000000,17.858075,
1.240000,9.000005,3.999990,1.000063,1.000000,3.000000,5.000000,17.964491,
1.250000,9.000005,3.999990,1.000063,1.000000,3.000000,5.000000,18.000010,
1.260000,9.000005,3.999990,1.000063,1.000000,3.000000,5.000000,17.964490,
1.270000,9.000005,3.999990,1.000063,1.000000,3.000000,5.000000,17.858073,
1.280000,9.000005,3.999990,1.000063,1.000000,3.000000,5.000000,17.681178,
1.290000,9.000005,3.999990,1.000063,1.000000,3.000000,5.000000,17.434504,
1.300000,9.000005,3.999990,1.000063,1.000000,3.000000,5.000000,17.119024,
1.310000,9.000005,3.999990,1.000063,1.000000,3.000000,5.000000,16.735982,
1.320000,9.000005,3.999990,1.000063,1.000000,3.000000,5.000000,16.286892,
1.330000,9.000005,3.999990,1.000063,1.000000,3.000000,5.000000,15.773524,
1.340000,9.000005,3.999990,1.000063,1.000000,3.000000,5.000000,15.197906,
1.350000,9.000005,3.999990,1.000063,1.000000,3.000000,5.000000,14.562309,
1.360000,9.000005,3.999990,1.000063,1.000000,3.000000,5.000000,13.869240,
1.370000,9.000005,3.999990,1.000063,1.000000,3.000000,5.000000,13.121436,
1.380000,9.000005,3.999990,1.000063,1.000000,3.000000,5.000000,12.321848,
1.390000,9.000005,3.999990,1.000063,1.000000,3.000000,5.000000,11.473631,
1.400000,9.000005,3.999990,1.000063,1.000000,3.000000,5.000000,10.580133,
1.410000,9.000005,3.999990,1.000063,1.000000,3.000000,5.000000,9.644880,
1.420000,9.000005,3.999990,1.000063,1.000000,3.000000,5.000000,8.671563,
1.430000,9.000005,3.999990,1.000063,1.000000,3.000000,5.000000,7.664023,
1.440000,9.000005,3.999990,1.000063,1.000000,3.000000,5.000000,6.626237,
1.450000,9.000005,3.999990,1.000063,1.000000,3.000000,5.000000,5.562301,
1.460000,9.000005,3.999990,1.000063,1.000000,3.000000,5.000000,4.476412,
1.470000,9.000005,3.999990,1.000063,1.000000,3.000000,5.000000,3.372857,
1.480000,9.000005,3.999990,1.000063,1.000000,3.000000,5.000000,2.255991,
1.490000,9.000005,3.999990,1.000063,1.000000,3.000000,5.000000,1.130221,
1.500000,9.000005,3.999990,1.000063,1.000000,3.000000,5.000000,-0.000009,
1.510000,9.000005,3.999990,1.000063,1.000000,3.000000,5.000000,-1.130239,
1.520000,9.000005,3.999990,1.000063,1.000000,3.000000,5.000000,-2.256008,
1.530000,9.000005,3.999990,1.000063,1.000000,3.000000,5.000000,-3.372874,
1.540000,9.000005,3.999990,1.000063,1.000000,3.000000,5.000000,-4.476429,
1.550000,9.000005,3.999990,1.000063,1.000000,3.000000,5.000000,-5.562317,
1.560000,9.000005,3.999990,1.000063,1.000000,3.000000,5.000000,-6.626254,
1.570000,9.000005,3.999990,1.000063,1.000000,3.000000,5.000000,-7.664039,
1.580000,9.000005,3.999990,1.000063,1.000000,3.000000,5.000000,-8.671578,
1.590000,9.000005,3.999990,1.000063,1.000000,3.000000,5.000000,-9.644895,
1.600000,9.000005,3.999990,1.000063,1.000000,3.000000,5.000000,-10.580147,
1.610000,9.000005,3.999990,1.000063,1.000000,3.000000,5.000000,-11.473645,
1.620000,9.000005,3.999990,1.000063,1.000000,3.000000,5.000000,-12.321861,
1.630000,9.000005,3.999990,1.000063,1.000000,3.000000,5.000000,-13.121448,
1.640000,9.000005,3.999990,1.000063,1.000000,3.000000,5.000000,-13.869251,
1.650000,9.000005,3.999990,1.000063,1.000000,3.000000,5.000000,-14.562319,
1.660000,9.000005,3.999990,1.000063,1.000000,3.000000,5.000000,-15.197915,
1.670000,9.000005,3.999990,1.000063,1.000000,3.000000,5.000000,-15.773533,
1.680000,9.000005,3.999990,1.000063,1.000000,3.000000,5.000000,-16.286899,
1.690000,9.000005,3.999990,1.000063,1.000000,3.000000,5.000000,-16.735989,
1.700000,9.000005,3.999990,1.000063,1.000000,3.000000,5.000000,-17.119029,
1.710000,9.000005,3.999990,1.000063,1.000000,3.000000,5.000000,-17.434508,
1.720000,9.000005,3.999990,1.000063,1.000000,3.000000,5.000000,-17.681182,
1.730000,9.000005,3.999990,1.000063,1.000000,3.000000,5.000000,-17.858075,
1.740000,9.000005,3.999990,1.000063,1.000000,3.000000,5.000000,-17.964491,
1.750000,9.000005,3.999990,1.000063,1.000000,3.000000,5.000000,-18.000010,
1.760000,9.000005,3.999990,1.000063,1.000000,3.000000,5.000000,-17.964490,
1.770000,9.000005,3.999990,1.000063,1.000000,3.000000,5.000000,-17.858073,
1.780000,9.000005,3.999990,1.000063,1.000000,3.000000,5.000000,-17.681178,
1.790000,9.000005,3.999990,1.000063,1.000000,3.000000,5.000000,-17.434504,
1.800000,9.000005,3.999990,1.000063,1.000000,3.000000,5.000000,-17.119024,
1.810000,9.000005,3.999990,1.000063,1.000000,3.000000,5.000000,-16.735982,
1.820000,9.000005,3.999990,1.000063,1.000000,3.000000,5.000000,-16.286892,
1.830000,9.000005,3.999990,1.000063,1.000000,3.000000,5.000000,-15.773524,
1.840000,9.000005,3.999990,1.000063,1.000000,3.000000,5.000000,-15.197906,
1.850000,9.000005,3.999990,1.000063,1.000000,3.000000,5.000000,-14.562309,
1.860000,9.000005,3.999990,1.000063,1.000000,3.000000,5.000000,-13.869240,
1.870000,9.000005,3.999990,1.000063,1.000000,3.000000,5.000000,-13.121436,
1.880000,9.000005,3.999990,1.000063,1.000000,3.000000,5.000000,-12.321848,
1.890000,9.000005,3.999990,1.000063,1.000000,3.000000,5.000000,-11.473631,
1.900000,9.000005,3.999990,1.000063,1.000000,3.000000,5.000000,-10.580133,
1.910000,9.000005,3.999990,1.000063,1.000000,3.000000,5.000000,-9.644880,
1.920000,9.000005,3.999990,1.000063,1.000000,3.000000,5.000000,-8.671563,
1.930000,9.000005,3.999990,1.000063,1.000000,3.000000,5.000000,-7.664023,
1.940000,9.000005,3.999990,1.000063,1.000000,3.000000,5.000000,-6.626237,
1.950000,9.000005,3.999990,1.000063,1.000000,3.000000,5.000000,-5.562301,
1.960000,9.000005,3.999990,1.000063,1.000000,3.000000,5.000000,-4.476412,
1.970000,9.000005,3.999990,1.000063,1.000000,3.000000,5.000000,-3.372857,
1.980000,9.000005,3.999990,1.000063,1.000000,3.000000,5.000000,-2.255991,
1.990000,9.000005,3.999990,1.000063,1.000000,3.000000,5.000000,-1.130221,
2.000000,9.000005,3.999990,1.000063,1.000000,3.000000,5.000000,0.000009,
2.010000,9.000005,3.999990,1.000063,1.000000,3.000000,5.000000,1.130239,
2.020000,9.000005,3.999990,1.000063,1.000000,3.000000,5.000000,2.256008,
2.030000,9.000005,3.999990,1.000063,1.000000,3.000000,5.000000,3.372874,
2.040000,9.000005,3.999990,1.000063,1.000000,3.000000,5.000000,4.476429,
2.050000,9.000005,3.999990,1.000063,1.000000,3.000000,5.000000,5.562317,
2.060000,9.000005,3.999990,1.000063,1.000000,3.000000,5.000000,6.626254,
2.070000,9.000005,3.999990,1.000063,1.000000,3.000000,5.000000,7.664039,
2.080000,9.000005,3.999990,1.000063,1.000000,3.000000,5.000000,8.671578,
2.090000,9.000005,3.999990,1.000063,1.000000,3.000000,5.000000,9.644895,
2.100000,9.000005,3.999990,1.000063,1.000000,3.000000,5.000000,10.580147,
2.110000,9.000005,3.999990,1.000063,1.000000,3.000000,5.000000,11.473645,
2.120000,9.000005,3.999990,1.000063,1.000000,3.000000,5.000000,12.321861,
2.130000,9.000005,3.999990,1.000063,1.000000,3.000000,5.000000,13.121448,
2.140000,9.000005,3.999990,1.000063,1.000000,3.000000,5.000000,13.869251,
2.150000,9.000005,3.999990,1.000063,1.000000,3.000000,5.000000,14.562319,
2.160000,9.000005,3.999990,1.000063,1.000000,3.000000,5.000000,15.197915,
2.170000,9.000005,3.999990,1.000063,1.000000,3.000000,5.000000,15.773533,
2.180000,9.000005,3.999990,1.000063,1.000000,3.000000,5.000000,16.286899,
2.190000,9.000005,3.999990,1.000063,1.000000,3.000000,5.000000,16.735989,
2.200000,9.000005,3.999990,1.000063,1.000000,3.000000,5.000000,17.119029,
2.210000,9.000005,3.999990,1.000063,1.000000,3.000000,5.000000,17.434508,
2.220000,9.000005,3.999990,1.000063,1.000000,3.000000,5.000000,17.681182,
2.230000,9.000005,3.999990,1.000063,1.000000,3.000000,5.000000,17.858075,
2.240000,9.000005,3.999990,1.000063,1.000000,3.000000,5.000000,17.964491,
2.250000,9.000005,3.999990,1.000063,1.000000,3.000000,5.000000,18.000010,
2.260000,9.000005,3.999990,1.000063,1.000000,3.000000,5.000000,17.964490,
2.270000,9.000005,3.999990,1.000063,1.000000,3.000000,5.000000,17.858073,
2.280000,9.000005,3.999990,1.000063,1.000000,3.000000,5.000000,17.681178,
2.290000,9.000005,3.999990,1.000063,1.000000,3.000000,5.000000,17.434504,
2.300000,9.000005,3.999990,1.000063,1.000000,3.000000,5.000000,17.119024,
2.310000,9.000005,3.999990,1.000063,1.000000,3.000000,5.000000,16.735982,
2.320000,9.000005,3.999990,1.000063,1.000000,3.000000,5.000000,16.286892,
2.330000,9.000005,3.999990,1.000063,1.000000,3.000000,5.000000,15.773524,
2.340000,9.000005,3.999990,1.000063,1.000000,3.000000,5.000000,15.197906,
2.350000,9.000005,3.999990,1.000063,1.000000,3.000000,5.000000,14.562309,
2.360000,9.000005,3.999990,1.000063,1.000000,3.000000,5.000000,13.869240,
2.370000,9.000005,3.999990,1.000063,1.000000,3.000000,5.000000,13.121436,
2.380000,9.000005,3.999990,1.000063,1.000000,3.000000,5.000000,12.321848,
2.390000,9.000005,3.999990,1.000063,1.000000,3.000000,5.000000,11.473631,
2.400000,9.000005,3.999990,1.000063,1.000000,3.000000,5.000000,10.580133,
2.410000,9.000005,3.999990,1.000063,1.000000,3.000000,5.000000,9.644880,
2.420000,9.000005,3.999990,1.000063,1.000000,3.000000,5.000000,8.671563,
2.430000,9.000005,3.999990,1.000063,1.000000,3.000000,5.000000,7.664023,
2.440000,9.000005,3.999990,1.000063,1.000000,3.000000,5.000000,6.626237,
2.450000,9.000005,3.999990,1.000063,1.000000,3.000000,5.000000,5.562301,
2.460000,9.000005,3.999990,1.000063,1.000000,3.000000,5.000000,4.476412,
2.470000,9.000005,3.999990,1.000063,1.000000,3.000000,5.000000,3.372857,
2.480000,9.000005,3.999990,1.000063,1.000000,3.000000,5.000000,2.255991,
2.490000,9.000005,3.999990,1.000063,1.000000,3.000000,5.000000,1.130221,
2.500000,9.000005,3.999990,1.000063,1.000000,3.000000,5.000000,-0.000009,
2.510000,9.000005,3.999990,1.000063,1.000000,3.000000,5.000000,-1.130239,
2.520000,9.000005,3.999990,1.000063,1.000000,3.000000,5.000000,-2.256008,
2.530000,9.000005,3.999990,1.000063,1.000000,3.000000,5.000000,-3.372874,
2.540000,9.000005,3.999990,1.000063,1.000000,3.000000,5.000000,-4.476429,
2.550000,9.000005,3.999990,1.000063,1.000000,3.000000,5.000000,-5.562317,
2.560000,9.000005,3.999990,1.000063,1.000000,3.000000,5.000000,-6.626254,
2.570000,9.000005,3.999990,1.000063,1.000000,3.000000,5.000000,-7.664039,
2.580000,9.000005,3.999990,1.000063,1.000000,3.000000,5.000000,-8.671578,
2.590000,9.000005,3.999990,1.000063,1.000000,3.000000,5.000000,-9.644895,
2.600000,9.000005,3.999990,1.000063,1.000000,3.000000,5.000000,-10.580147,
2.610000,9.000005,3.999990,1.000063,1.000000,3.000000,5.000000,-11.473645,
2.620000,9.000005,3.999990,1.000063,1.000000,3.000000,5.000000,-12.321861,
2.630000,9.000005,3.999990,1.000063,1.000000,3.000000,5.000000,-13.121448,
2.640000,9.000005,3.999990,1.000063,1.000000,3.000000,5.000000,-13.869251,
2.650000,9.000005,3.999990,1.000063,1.000000,3.000000,5.000000,-14.562319,
2.660000,9.000005,3.999990,1.000063,1.000000,3.000000,5.000000,-15.197915,
2.670000,9.000005,3.999990,1.000063,1.000000,3.000000,5.000000,-15.773533,
2.680000,9.000005,3.999990,1.000063,1.000000,3.000000,5.000000,-16.286899,
2.690000,9.000005,3.999990,1.000063,1.000000,3.000000,5.000000,-16.735989,
2.700000,9.000005,3.999990,1.000063,1.000000,3.000000,5.000000,-17.119029,
2.710000,9.000005,3.999990,1.000063,1.000000,3.000000,5.000000,-17.434508,
2.720000,9.000005,3.999990,1.000063,1.000000,3.000000,5.000000,-17.681182,
2.730000,9.000005,3.999990,1.000063,1.000000,3.000000,5.000000,-17.858075,
2.740000,9.000005,3.999990,1.000063,1.000000,3.000000,5.000000,-17.964491,
2.750000,9.000005,3.999990,1.000063,1.000000,3.000000,5.000000,-18.000010,
2.760000,9.000005,3.999990,1.000063,1.000000,3.000000,5.000000,-17.964490,
2.770000,9.000005,3.999990,1.000063,1.000000,3.000000,5.000000,-17.858073,
2.780000,9.000005,3.999990,1.000063,1.000000,3.000000,5.000000,-17.681178,
2.790000,9.000005,3.999990,1.000063,1.000000,3.000000,5.000000,-17.434504,
2.800000,9.000005,3.999990,1.000063,1.000000,3.000000,5.000000,-17.119024,
2.810000,9.000005,3.999990,1.000063,1.000000,3.000000,5.000000,-16.735982,
2.820000,9.000005,3.999990,1.000063,1.000000,3.000000,5.000000,-16.286892,
2.830000,9.000005,3.999990,1.000063,1.000000,3.000000,5.000000,-15.773524,
2.840000,9.000005,3.999990,1.000063,1.000000,3.000000,5.000000,-15.197906,
2.850000,9.000005,3.999990,1.000063,1.000000,3.000000,5.000000,-14.562309,
2.860000,9.000005,3.999990,1.000063,1.000000,3.000000,5.000000,-13.869240,
2.870000,9.000005,3.999990,1.000063,1.000000,3.000000,5.000000,-13.121436,
2.880000,9.000005,3.999990,1.000063,1.000000,3.000000,5.000000,-12.321848,
2.890000,9.000005,3.999990,1.000063,1.000000,3.000000,5.000000,-11.473631,
2.900000,9.000005,3.999990,1.000063,1.000000,3.000000,5.000000,-10.580133,
2.910000,9.000005,3.999990,1.000063,1.000000,3.000000,5.000000,-9.644880,
2.920000,9.000005,3.999990,1.000063,1.000000,3.000000,5.000000,-8.671563,
2.930000,9.000005,3.999990,1.000063,1.000000,3.000000,5.000000,-7.664023,
2.940000,9.000005,3.999990,1.000063,1.000000,3.000000,5.000000,-6.626237,
2.950000,9.000005,3.999990,1.000063,1.000000,3.000000,5.000000,-5.562301,
2.960000,9.000005,3.999990,1.000063,1.000000,3.000000,5.000000,-4.476412,
2.970000,9.000005,3.999990,1.000063,1.000000,3.000000,5.000000,-3.372857,
2.980000,9.000005,3.999990,1.000063,1.000000,3.000000,5.000000,-2.255991,
2.990000,9.000005,3.999990,1.000063,1.000000,3.000000,5.000000,-1.130221,
3.000000,9.000005,3.999990,1.000063,1.000000,3.000000,5.000000,0.000009,
3.010000,9.000005,3.999990,1.000063,1.000000,3.000000,5.000000,1.130239,
3.020000,9.000005,3.999990,1.000063,1.000000,3.000000,5.000000,2.256008,
3.030000,9.000005,3.999990,1.000063,1.000000,3.000000,5.000000,3.372874,
3.040000,9.000005,3.999990,1.000063,1.000000,3.000000,5.000000,4.476429,
3.050000,9.000005,3.999990,1.000063,1.000000,3.000000,5.000000,5.562317,
3.060000,9.000005,3.999990,1.000063,1.000000,3.000000,5.000000,6.626254,
3.070000,9.000005,3.999990,1.000063,1.000000,3.000000,5.000000,7.664039,
3.080000,9.000005,3.999990,1.000063,1.000000,3.000000,5.000000,8.671578,
3.090000,9.000005,3.999990,1.000063,1.000000,3.000000,5.000000,9.644895,
3.100000,9.000005,3.999990,1.000063,1.000000,3.000000,5.000000,10.580147,
3.110000,9.000005,3.999990,1.000063,1.000000,3.000000,5.000000,11.473645,
3.120000,9.000005,3.999990,1.000063,1.000000,3.000000,5.000000,12.321861,
3.130000,9.000005,3.999990,1.000063,1.000000,3.000000,5.000000,13.121448,
3.140000,9.000005,3.999990,1.000063,1.000000,3.000000,5.000000,13.869251,
3.150000,9.000005,3.999990,1.000063,1.000000,3.000000,5.000000,14.562319,
3.160000,9.000005,3.999990,1.000063,1.000000,3.000000,5.000000,15.197915,
3.170000,9.000005,3.999990,1.000063,1.000000,3.000000,5.000000,15.773533,
3.180000,9.000005,3.999990,1.000063,1.000000,3.000000,5.000000,16.286899,
3.190000,9.000005,3.999990,1.000063,1.000000,3.000000,5.000000,16.735989,
3.200000,9.000005,3.999990,1.000063,1.000000,3.000000,5.000000,17.119029,
3.210000,9.000005,3.999990,1.000063,1.000000,3.000000,5.000000,17.434508,
3.220000,9.000005,3.999990,1.000063,1.000000,3.000000,5.000000,17.681182,
3.230000,9.000005,3.999990,1.000063,1.000000,3.000000,5.000000,17.858075,
3.240000,9.000005,3.999990,1.000063,1.000000,3.000000,5.000000,17.964491,
3.250000,9.000005,3.999990,1.000063,1.000000,3.000000,5.000000,18.000010,
3.260000,9.000005,3.999990,1.000063,1.000000,3.000000,5.000000,17.964490,
3.270000,9.000005,3.999990,1.000063,1.000000,3.000000,5.000000,17.858073,
3.280000,9.000005,3.999990,1.000063,1.000000,3.000000,5.000000,17.681178,
3.290000,9.000005,3.999990,1.000063,1.000000,3.000000,5.000000,17.434504,
3.300000,9.000005,3.999990,1.000063,1.000000,3.000000,5.000000,17.119024,
3.310000,9.000005,3.999990,1.000063,1.000000,3.000000,5.000000,16.735982,
3.320000,9.000005,3.999990,1.000063,1.000000,3.000000,5.000000,16.286892,
3.330000,9.000005,3.999990,1.000063,1.000000,3.000000,5.000000,15.773524,
3.340000,9.000005,3.999990,1.000063,1.000000,3.000000,5.000000,15.197906,
3.350000,9.000005,3.999990,1.000063,1.000000,3.000000,5.000000,14.562309,
3.360000,9.000005,3.999990,1.000063,1.000000,3.000000,5.000000,13.869240,
3.370000,9.000005,3.999990,1.000063,1.000000,3.000000,5.000000,13.121436,
3.380000,9.000005,3.999990,1.000063,1.000000,3.000000,5.000000,12.321848,
3.390000,9.000005,3.999990,1.000063,1.000000,3.000000,5.000000,11.473631,
3.400000,9.000005,3.999990,1.000063,1.000000,3.000000,5.000000,10.580133,
3.410000,9.000005,3.999990,1.000063,1.000000,3.000000,5.000000,9.644880,
3.420000,9.000005,3.999990,1.000063,1.000000,3.000000,5.000000,8.671563,
3.430000,9.000005,3.999990,1.000063,1.000000,3.000000,5.000000,7.664023,
3.440000,9.000005,3.999990,1.000063,1.000000,3.000000,5.000000,6.626237,
3.450000,9.000005,3.999990,1.000063,1.000000,3.000000,5.000000,5.562301,
3.460000,9.000005,3.999990,1.000063,1.000000,3.000000,5.000000,4.476412,
3.470000,9.000005,3.999990,1.000063,1.000000,3.000000,5.000000,3.372857,
3.480000,9.000005,3.999990,1.000063,1.000000,3.000000,5.000000,2.255991,
3.490000,9.000005,3.999990,1.000063,1.000000,3.000000,5.000000,1.130221,
3.500000,9.000005,3.999990,1.000063,1.000000,3.000000,5.000000,-0.000009,
3.510000,9.000005,3.999990,1.000063,1.000000,3.000000,5.000000,-1.130239,
3.520000,9.000005,3.999990,1.000063,1.000000,3.000000,5.000000,-2.256008,
3.530000,9.000005,3.999990,1.000063,1.000000,3.000000,5.000000,-3.372874,
3.540000,9.000005,3.999990,1.000063,1.000000,3.000000,5.000000,-4.476429,
3.550000,9.000005,3.999990,1.000063,1.000000,3.000000,5.000000,-5.562317,
3.560000,9.000005,3.999990,1.000063,1.000000,3.000000,5.000000,-6.626254,
3.570000,9.000005,3.999990,1.000063,1.000000,3.000000,5.000000,-7.664039,
3.580000,9.000005,3.999990,1.000063,1.000000,3.000000,5.000000,-8.671578,
3.590000,9.000005,3.999990,1.000063,1.000000,3.000000,5.000000,-9.644895,
3.600000,9.000005,3.999990,1.000063,1.000000,3.000000,5.000000,-10.580147,
3.610000,9.000005,3.999990,1.000063,1.000000,3.000000,5.000000,-11.473645,
3.620000,9.000005,3.999990,1.000063,1.000000,3.000000,5.000000,-12.321861,
3.630000,9.000005,3.999990,1.000063,1.000000,3.000000,5.000000,-13.121448,
3.640000,9.000005,3.999990,1.000063,1.000000,3.000000,5.000000,-13.869251,
3.650000,9.000005,3.999990,1.000063,1.000000,3.000000,5.000000,-14.562319,
3.660000,9.000005,3.999990,1.000063,1.000000,3.000000,5.000000,-15.197915,
3.670000,9.000005,3.999990,1.000063,1.000000,3.000000,5.000000,-15.773533,
3.680000,9.000005,3.999990,1.000063,1.000000,3.000000,5.000000,-16.286899,
3.690000,9.000005,3.999990,1.000063,1.000000,3.000000,5.000000,-16.735989,
3.700000,9.000005,3.999990,1.000063,1.000000,3.000000,5.000000,-17.119029,
3.710000,9.000005,3.999990,1.000063,1.000000,3.000000,5.000000,-17.434508,
3.720000,9.000005,3.999990,1.000063,1.000000,3.000000,5.000000,-17.681182,
3.730000,9.000005,3.999990,1.000063,1.000000,3.000000,5.000000,-17.858075,
3.740000,9.000005,3.999990,1.000063,1.000000,3.000000,5.000000,-17.964491,
3.750000,9.000005,3.999990,1.000063,1.000000,3.000000,5.000000,-18.000010,
3.760000,9.000005,3.999990,1.000063,1.000000,3.000000,5.000000,-17.964490,
3.770000,9.000005,3.999990,1.000063,1.000000,3.000000,5.000000,-17.858073,
3.780000,9.000005,3.999990,1.000063,1.000000,3.000000,5.000000,-17.681178,
3.790000,9.000005,3.999990,1.000063,1.000000,3.000000,5.000000,-17.434504,
3.800000,9.000005,3.999990,1.000063,1.000000,3.000000,5.000000,-17.119024,
3.810000,9.000005,3.999990,1.000063,1.000000,3.000000,5.000000,-16.735982,
3.820000,9.000005,3.999990,1.000063,1.000000,3.000000,5.000000,-16.286892,
3.830000,9.000005,3.999990,1.000063,1.000000,3.000000,5.000000,-15.773524,
3.840000,9.000005,3.999990,1.000063,1.000000,3.000000,5.000000,-15.197906,
3.850000,9.000005,3.999990,1.000063,1.000000,3.000000,5.000000,-14.562309,
3.860000,9.000005,3.999990,1.000063,1.000000,3.000000,5.000000,-13.869240,
3.870000,9.000005,3.999990,1.000063,1.000000,3.000000,5.000000,-13.121436,
3.880000,9.000005,3.999990,1.000063,1.000000,3.000000,5.000000,-12.321848,
3.890000,9.000005,3.999990,1.000063,1.000000,3.000000,5.000000,-11.473631,
3.900000,9.000005,3.999990,1.000063,1.000000,3.000000,5.000000,-10.580133,
3.910000,9.000005,3.999990,1.000063,1.000000,3.000000,5.000000,-9.644880,
3.920000,9.000005,3.999990,1.000063,1.000000,3.000000,5.000000,-8.671563,
3.930000,9.000005,3.999990,1.000063,1.000000,3.000000,5.000000,-7.664023,
3.940000,9.000005,3.999990,1.000063,1.000000,3.000000,5.000000,-6.626237,
3.950000,9.000005,3.999990,1.000063,1.000000,3.000000,5.000000,-5.562301,
3.960000,9.000005,3.999990,1.000063,1.000000,3.000000,5.000000,-4.476412,
3.970000,9.000005,3.999990,1.000063,1.000000,3.000000,5.000000,-3.372857,
3.980000,9.000005,3.999990,1.000063,1.000000,3.000000,5.000000,-2.255991,
3.990000,9.000005,3.999990,1.000063,1.000000,3.000000,5.000000,-1.130221,
4.000000,9.000005,3.999990,1.000063,1.000000,3.000000,5.000000,0.000009,
4.010000,9.000005,3.999990,1.000063,1.000000,3.000000,5.000000,1.130239,
4.020000,9.000005,3.999990,1.000063,1.000000,3.000000,5.000000,2.256008,
4.030000,9.000005,3.999990,1.000063,1.000000,3.000000,5.000000,3.372874,
4.040000,9.000005,3.999990,1.000063,1.000000,3.000000,5.000000,4.476429,
4.050000,9.000005,3.999990,1.000063,1.000000,3.000000,5.000000,5.562317,
4.060000,9.000005,3.999990,1.000063,1.000000,3.000000,5.000000,6.626254,
4.070000,9.000005,3.999990,1.000063,1.000000,3.000000,5.000000,7.664039,
4.080000,9.000005,3.999990,1.000063,1.000000,3.000000,5.000000,8.671578,
4.090000,9.000005,3.999990,1.000063,1.000000,3.000000,5.000000,9.644895,
4.100000,9.000005,3.999990,1.000063,1.000000,3.000000,5.000000,10.580147,
4.110000,9.000005,3.999990,1.000063,1.000000,3.000000,5.000000,11.473645,
4.120000,9.000005,3.999990,1.000063,1.000000,3.000000,5.000000,12.321861,
4.130000,9.000005,3.999990,1.000063,1.000000,3.000000,5.000000,13.121448,
4.140000,9.000005,3.999990,1.000063,1.000000,3.000000,5.000000,13.869251,
4.150000,9.000005,3.999990,1.000063,1.000000,3.000000,5.000000,14.562319,
4.160000,9.000005,3.999990,1.000063,1.000000,3.000000,5.000000,15.197915,
4.170000,9.000005,3.999990,1.000063,1.000000,3.000000,5.000000,15.773533,
4.180000,9.000005,3.999990,1.000063,1.000000,3.000000,5.000000,16.286899,
4.190000,9.000005,3.999990,1.000063,1.000000,3.000000,5.000000,16.735989,
4.200000,9.000005,3.999990,1.000063,1.000000,3.000000,5.000000,17.119029,
4.210000,9.000005,3.999990,1.000063,1.000000,3.000000,5.000000,17.434508,
4.220000,9.000005,3.999990,1.000063,1.000000,3.000000,5.000000,17.681182,
4.230000,9.000005,3.999990,1.000063,1.000000,3.000000,5.000000,17.858075,
4.240000,9.000005,3.999990,1.000063,1.000000,3.000000,5.000000,17.964491,
4.250000,9.000005,3.999990,1.000063,1.000000,3.000000,5.000000,18.000010,
4.260000,9.000005,3.999990,1.000063,1.000000,3.000000,5.000000,17.964490,
4.270000,9.000005,3.999990,1.000063,1.000000,3.000000,5.000000,17.858073,
4.280000,9.000005,3.999990,1.000063,1.000000,3.000000,5.000000,17.681178,
4.290000,9.000005,3.999990,1.000063,1.000000,3.000000,5.000000,17.434504,
4.300000,9.000005,3.999990,1.000063,1.000000,3.000000,5.000000,17.119024,
4.310000,9.000005,3.999990,1.000063,1.000000,3.000000,5.000000,16.735982,
4.320000,9.000005,3.999990,1.000063,1.000000,3.000000,5.000000,16.286892,
4.330000,9.000005,3.999990,1.000063,1.000000,3.000000,5.000000,15.773524,
4.340000,9.000005,3.999990,1.000063,1.000000,3.000000,5.000000,15.197906,
4.350000,9.000005,3.999990,1.000063,1.000000,3.000000,5.000000,14.562309,
4.360000,9.000005,3.999990,1.000063,1.000000,3.000000,5.000000,13.869240,
4.370000,9.000005,3.999990,1.000063,1.000000,3.000000,5.000000,13.121436,
4.380000,9.000005,3.999990,1.000063,1.000000,3.000000,5.000000,12.321848,
4.390000,9.000005,3.999990,1.000063,1.000000,3.000000,5.000000,11.473631,
4.400000,9.000005,3.999990,1.000063,1.000000,3.000000,5.000000,10.580133,
4.410000,9.000005,3.999990,1.000063,1.000000,3.000000,5.000000,9.644880,
4.420000,9.000005,3.999990,1.000063,1.000000,3.000000,5.000000,8.671563,
4.430000,9.000005,3.999990,1.000063,1.000000,3.000000,5.000000,7.664023,
4.440000,9.000005,3.999990,1.000063,1.000000,3.000000,5.000000,6.626237,
4.450000,9.000005,3.999990,1.000063,1.000000,3.000000,5.000000,5.562301,
4.460000,9.000005,3.999990,1.000063,1.000000,3.000000,5.000000,4.476412,
4.470000,9.000005,3.999990,1.000063,1.000000,3.000000,5.000000,3.372857,
4.480000,9.000005,3.999990,1.000063,1.000000,3.000000,5.000000,2.255991,
4.490000,9.000005,3.999990,1.000063,1.000000,3.000000,5.000000,1.130221,
4.500000,9.000005,3.999990,1.000063,1.000000,3.000000,5.000000,-0.000009,
4.510000,9.000005,3.999990,1.000063,1.000000,3.000000,5.000000,-1.130239,
4.520000,9.000005,3.999990,1.000063,1.000000,3.000000,5.000000,-2.256008,
4.530000,9.000005,3.999990,1.000063,1.000000,3.000000,5.000000,-3.372874,
4.540000,9.000005,3.999990,1.000063,1.000000,3.000000,5.000000,-4.476429,
4.550000,9.000005,3.999990,1.000063,1.000000,3.000000,5.000000,-5.562317,
4.560000,9.000005,3.999990,1.000063,1.000000,3.000000,5.000000,-6.626254,
4.570000,9.000005,3.999990,1.000063,1.000000,3.000000,5.000000,-7.664039,
4.580000,9.000005,3.999990,1.000063,1.000000,3.000000,5.000000,-8.671578,
4.590000,9.000005,3.999990,1.000063,1.000000,3.000000,5.000000,-9.644895,
4.600000,9.000005,3.999990,1.000063,1.000000,3.000000,5.000000,-10.580147,
4.610000,9.000005,3.999990,1.000063,1.000000,3.000000,5.000000,-11.473645,
4.620000,9.000005,3.999990,1.000063,1.000000,3.000000,5.000000,-12.321861,
4.630000,9.000005,3.999990,1.000063,1.000000,3.000000,5.000000,-13.121448,
4.640000,9.000005,3.999990,1.000063,1.000000,3.000000,5.000000,-13.869251,
4.650000,9.000005,3.999990,1.000063,1.000000,3.000000,5.000000,-14.562319,
4.660000,9.000005,3.999990,1.000063,1.000000,3.000000,5.000000,-15.197915,
4.670000,9.000005,3.999990,1.000063,1.000000,3.000000,5.000000,-15.773533,
4.680000,9.000005,3.999990,1.000063,1.000000,3.000000,5.000000,-16.286899,
4.690000,9.000005,3.999990,1.000063,1.000000,3.000000,5.000000,-16.735989,
4.700000,9.000005,3.999990,1.000063,1.000000,3.000000,5.000000,-17.119029,
4.710000,9.000005,3.999990,1.000063,1.000000,3.000000,5.000000,-17.434508,
4.720000,9.000005,3.999990,1.000063,1.000000,3.000000,5.000000,-17.681182,
4.730000,9.000005,3.999990,1.000063,1.000000,3.000000,5.000000,-17.858075,
4.740000,9.000005,3.999990,1.000063,1.000000,3.000000,5.000000,-17.964491,
4.750000,9.000005,3.999990,1.000063,1.000000,3.000000,5.000000,-18.000010,
4.760000,9.000005,3.999990,1.000063,1.000000,3.000000,5.000000,-17.964490,
4.770000,9.000005,3.999990,1.000063,1.000000,3.000000,5.000000,-17.858073,
4.780000,9.000005,3.999990,1.000063,1.000000,3.000000,5.000000,-17.681178,
4.790000,9.000005,3.999990,1.000063,1.000000,3.000000,5.000000,-17.434504,
4.800000,9.000005,3.999990,1.000063,1.000000,3.000000,5.000000,-17.119024,
4.810000,9.000005,3.999990,1.000063,1.000000,3.000000,5.000000,-16.735982,
4.820000,9.000005,3.999990,1.000063,1.000000,3.000000,5.000000,-16.286892,
4.830000,9.000005,3.999990,1.000063,1.000000,3.000000,5.000000,-15.773524,
4.840000,9.000005,3.999990,1.000063,1.000000,3.000000,5.000000,-15.197906,
4.850000,9.000005,3.999990,1.000063,1.000000,3.000000,5.000000,-14.562309,
4.860000,9.000005,3.999990,1.000063,1.000000,3.000000,5.000000,-13.869240,
4.870000,9.000005,3.999990,1.000063,1.000000,3.000000,5.000000,-13.121436,
4.880000,9.000005,3.999990,1.000063,1.000000,3.000000,5.000000,-12.321848,
4.890000,9.000005,3.999990,1.000063,1.000000,3.000000,5.000000,-11.473631,
4.900000,9.000005,3.999990,1.000063,1.000000,3.000000,5.000000,-10.580133,
4.910000,9.000005,3.999990,1.000063,1.000000,3.000000,5.000000,-9.644880,
4.920000,9.000005,3.999990,1.000063,1.000000,3.000000,5.000000,-8.671563,
4.930000,9.000005,3.999990,1.000063,1.000000,3.000000,5.000000,-7.664023,
4.940000,9.000005,3.999990,1.000063,1.000000,3.000000,5.000000,-6.626237,
4.950000,9.000005,3.999990,1.000063,1.000000,3.000000,5.000000,-5.562301,
4.960000,9.000005,3.999990,1.000063,1.000000,3.000000,5.000000,-4.476412,
4.970000,9.000005,3.999990,1.000063,1.000000,3.000000,5.000000,-3.372857,
4.980000,9.000005,3.999990,1.000063,1.000000,3.000000,5.000000,-2.255991,
4.990000,9.000005,3.999990,1.000063,1.000000,3.000000,5.000000,-1.130221,
5.000000,9.000005,3.999990,1.000063,1.000000,3.000000,5.000000,0.000009,
5.010000,9.000005,3.999990,1.000063,1.000000,3.000000,5.000000,1.130239,
5.020000,9.000005,3.999990,1.000063,1.000000,3.000000,5.000000,2.256008,
5.030000,9.000005,3.999990,1.000063,1.000000,3.000000,5.000000,3.372874,
5.040000,9.000005,3.999990,1.000063,1.000000,3.000000,5.000000,4.476429,
5.050000,9.000005,3.999990,1.000063,1.000000,3.000000,5.000000,5.562317,
5.060000,9.000005,3.999990,1.000063,1.000000,3.000000,5.000000,6.626254,
5.070000,9.000005,3.999990,1.000063,1.000000,3.000000,5.000000,7.664039,
5.080000,9.000005,3.999990,1.000063,1.000000,3.000000,5.000000,8.671578,
5.090000,9.000005,3.999990,1.000063,1.000000,3.000000,5.000000,9.644895,
5.100000,9.000005,3.999990,1.000063,1.000000,3.000000,5.000000,10.580147,
5.110000,9.000005,3.999990,1.000063,1.000000,3.000000,5.000000,11.473645,
5.120000,9.000005,3.999990,1.000063,1.000000,3.000000,5.000000,12.321861,
5.130000,9.000005,3.999990,1.000063,1.000000,3.000000,5.000000,13.121448,
5.140000,9.000005,3.999990,1.000063,1.000000,3.000000,5.000000,13.869251,
5.150000,9.000005,3.999990,1.000063,1.000000,3.000000,5.000000,14.562319,
5.160000,9.000005,3.999990,1.000063,1.000000,3.000000,5.000000,15.197915,
5.170000,9.000005,3.999990,1.000063,1.000000,3.000000,5.000000,15.773533,
5.180000,9.000005,3.999990,1.000063,1.000000,3.000000,5.000000,16.286899,
5.190000,9.000005,3.999990,1.000063,1.000000,3.000000,5.000000,16.735989,
5.200000,9.000005,3.999990,1.000063,1.000000,3.000000,5.000000,17.119029,
5.210000,9.000005,3.999990,1.000063,1.000000,3.000000,5.000000,17.434508,
5.220000,9.000005,3.999990,1.000063,1.000000,3.000000,5.000000,17.681182,
5.230000,9.000005,3.999990,1.000063,1.000000,3.000000,5.000000,17.858075,
5.240000,9.000005,3.999990,1.000063,1.000000,3.000000,5.000000,17.964491,
5.250000,9.000005,3.999990,1.000063,1.000000,3.000000,5.000000,18.000010,
5.260000,9.000005,3.999990,1.000063,1.000000,3.000000,5.000000,17.964490,
5.270000,9.000005,3.999990,1.000063,1.000000,3.000000,5.000000,17.858073,
5.280000,9.000005,3.999990,1.000063,1.000000,3.000000,5.000000,17.681178,
5.290000,9.000005,3.999990,1.000063,1.000000,3.000000,5.000000,17.434504,
5.300000,9.000005,3.999990,1.000063,1.000000,3.000000,5.000000,17.119024,
5.310000,9.000005,3.999990,1.000063,1.000000,3.000000,5.000000,16.735982,
5.320000,9.000005,3.999990,1.000063,1.000000,3.000000,5.000000,16.286892,
5.330000,9.000005,3.999990,1.000063,1.000000,3.000000,5.000000,15.773524,
5.340000,9.000005,3.999990,1.000063,1.000000,3.000000,5.000000,15.197906,
5.350000,9.000005,3.999990,1.000063,1.000000,3.000000,5.000000,14.562309,
5.360000,9.000005,3.999990,1.000063,1.000000,3.000000,5.000000,13.869240,
5.370000,9.000005,3.999990,1.000063,1.000000,3.000000,5.000000,13.121436,
5.380000,9.000005,3.999990,1.000063,1.000000,3.000000,5.000000,12.321848,
5.390000,9.000005,3.999990,1.000063,1.000000,3.000000,5.000000,11.473631,
5.400000,9.000005,3.999990,1.000063,1.000000,3.000000,5.000000,10.580133,
5.410000,9.000005,3.999990,1.000063,1.000000,3.000000,5.000000,9.644880,
5.420000,9.000005,3.999990,1.000063,1.000000,3.000000,5.000000,8.671563,
5.430000,9.000005,3.999990,1.000063,1.000000,3.000000,5.000000,7.664023,
5.440000,9.000005,3.999990,1.000063,1.000000,3.000000,5.000000,6.626237,
5.450000,9.000005,3.999990,1.000063,1.000000,3.000000,5.000000,5.562301,
5.460000,9.000005,3.999990,1.000063,1.000000,3.000000,5.000000,4.476412,
5.470000,9.000005,3.999990,1.000063,1.000000,3.000000,5.000000,3.372857,
5.480000,9.000005,3.999990,1.000063,1.000000,3.000000,5.000000,2.255991,
5.490000,9.000005,3.999990,1.000063,1.000000,3.000000,5.000000,1.130221,
5.500000,9.000005,3.999990,1.000063,1.000000,3.000000,5.000000,-0.000009,
5.510000,9.000005,3.999990,1.000063,1.000000,3.000000,5.000000,-1.130239,
5.520000,9.000005,3.999990,1.000063,1.000000,3.000000,5.000000,-2.256008,
5.530000,9.000005,3.999990,1.000063,1.000000,3.000000,5.000000,-3.372874,
5.540000,9.000005,3.999990,1.000063,1.000000,3.000000,5.000000,-4.476429,
5.550000,9.000005,3.999990,1.000063,1.000000,3.000000,5.000000,-5.562317,
5.560000,9.000005,3.999990,1.000063,1.000000,3.000000,5.000000,-6.626254,
5.570000,9.000005,3.999990,1.000063,1.000000,3.000000,5.000000,-7.664039,
5.580000,9.000005,3.999990,1.000063,1.000000,3.000000,5.000000,-8.671578,
5.590000,9.000005,3.999990,1.000063,1.000000,3.000000,5.000000,-9.644895,
5.600000,9.000005,3.999990,1.000063,1.000000,3.000000,5.000000,-10.580147,
5.610000,9.000005,3.999990,1.000063,1.000000,3.000000,5.000000,-11.473645,
5.620000,9.000005,3.999990,1.000063,1.000000,3.000000,5.000000,-12.321861,
5.630000,9.000005,3.999990,1.000063,1.000000,3.000000,5.000000,-13.121448,
5.640000,9.000005,3.999990,1.000063,1.000000,3.000000,5.000000,-13.869251,
5.650000,9.000005,3.999990,1.000063,1.000000,3.000000,5.000000,-14.562319,
5.660000,9.000005,3.999990,1.000063,1.000000,3.000000,5.000000,-15.197915,
5.670000,9.000005,3.999990,1.000063,1.000000,3.000000,5.000000,-15.773533,
5.680000,9.000005,3.999990,1.000063,1.000000,3.000000,5.000000,-16.286899,
5.690000,9.000005,3.999990,1.000063,1.000000,3.000000,5.000000,-16.735989,
5.700000,9.000005,3.999990,1.000063,1.000000,3.000000,5.000000,-17.119029,
5.710000,9.000005,3.999990,1.000063,1.000000,3.000000,5.000000,-17.434508,
5.720000,9.000005,3.999990,1.000063,1.000000,3.000000,5.000000,-17.681182,
5.730000,9.000005,3.999990,1.000063,1.000000,3.000000,5.000000,-17.858075,
5.740000,9.000005,3.999990,1.000063,1.000000,3.000000,5.000000,-17.964491,
5.750000,9.000005,3.999990,1.000063,1.000000,3.000000,5.000000,-18.000010,
5.760000,9.000005,3.999990,1.000063,1.000000,3.000000,5.000000,-17.964490,
5.770000,9.000005,3.999990,1.000063,1.000000,3.000000,5.000000,-17.858073,
5.780000,9.000005,3.999990,1.000063,1.000000,3.000000,5.000000,-17.681178,
5.790000,9.000005,3.999990,1.000063,1.000000,3.000000,5.000000,-17.434504,
5.800000,9.000005,3.999990,1.000063,1.000000,3.000000,5.000000,-17.119024,
5.810000,9.000005,3.999990,1.000063,1.000000,3.000000,5.000000,-16.735982,
5.820000,9.000005,3.999990,1.000063,1.000000,3.000000,5.000000,-16.286892,
5.830000,9.000005,3.999990,1.000063,1.000000,3.000000,5.000000,-15.773524,
5.840000,9.000005,3.999990,1.000063,1.000000,3.000000,5.000000,-15.197906,
5.850000,9.000005,3.999990,1.000063,1.000000,3.000000,5.000000,-14.562309,
5.860000,9.000005,3.999990,1.000063,1.000000,3.000000,5.000000,-13.869240,
5.870000,9.000005,3.999990,1.000063,1.000000,3.000000,5.000000,-13.121436,
5.880000,9.000005,3.999990,1.000063,1.000000,3.000000,5.000000,-12.321848,
5.890000,9.000005,3.999990,1.000063,1.000000,3.000000,5.000000,-11.473631,
5.900000,9.000005,3.999990,1.000063,1.000000,3.000000,5.000000,-10.580133,
5.910000,9.000005,3.999990,1.000063,1.000000,3.000000,5.000000,-9.644880,
5.920000,9.000005,3.999990,1.000063,1.000000,3.000000,5.000000,-8.671563,
5.930000,9.000005,3.999990,1.000063,1.000000,3.000000,5.000000,-7.664023,
5.940000,9.000005,3.999990,1.000063,1.000000,3.000000,5.000000,-6.626237,
5.950000,9.000005,3.999990,1.000063,1.000000,3.000000,5.000000,-5.562301,
5.960000,9.000005,3.999990,1.000063,1.000000,3.000000,5.000000,-4.476412,
5.970000,9.000005,3.999990,1.000063,1.000000,3.000000,5.000000,-3.372857,
5.980000,9.000005,3.999990,1.000063,1.000000,3.000000,5.000000,-2.255991,
5.990000,9.000005,3.999990,1.000063,1.000000,3.000000,5.000000,-1.130221,
6.000000,9.000005,3.999990,1.000063,1.000000,3.000000,5.000000,0.000009,
6.010000,9.000005,3.999990,1.000063,1.000000,3.000000,5.000000,1.130239,
6.020000,9.000005,3.999990,1.000063,1.000000,3.000000,5.000000,2.256008,
6.030000,9.000005,3.999990,1.000063,1.000000,3.000000,5.000000,3.372874,
6.040000,9.000005,3.999990,1.000063,1.000000,3.000000,5.000000,4.476429,
6.050000,9.000005,3.999990,1.000063,1.000000,3.000000,5.000000,5.562317,
6.060000,9.000005,3.999990,1.000063,1.000000,3.000000,5.000000,6.626254,
6.070000,9.000005,3.999990,1.000063,1.000000,3.000000,5.000000,7.664039,
6.080000,9.000005,3.999990,1.000063,1.000000,3.000000,5.000000,8.671578,
6.090000,9.000005,3.999990,1.000063,1.000000,3.000000,5.000000,9.644895,
6.100000,9.000005,3.999990,1.000063,1.000000,3.000000,5.000000,10.580147,
6.110000,9.000005,3.999990,1.000063,1.000000,3.000000,5.000000,11.473645,
6.120000,9.000005,3.999990,1.000063,1.000000,3.000000,5.000000,12.321861,
6.130000,9.000005,3.999990,1.000063,1.000000,3.000000,5.000000,13.121448,
6.140000,9.000005,3.999990,1.000063,1.000000,3.000000,5.000000,13.869251,
6.150000,9.000005,3.999990,1.000063,1.000000,3.000000,5.000000,14.562319,
6.160000,9.000005,3.999990,1.000063,1.000000,3.000000,5.000000,15.197915,
6.170000,9.000005,3.999990,1.000063,1.000000,3.000000,5.000000,15.773533,
6.180000,9.000005,3.999990,1.000063,1.000000,3.000000,5.000000,16.286899,
6.190000,9.000005,3.999990,1.000063,1.000000,3.000000,5.000000,16.735989,
6.200000,9.000005,3.999990,1.000063,1.000000,3.000000,5.000000,17.119029,
6.210000,9.000005,3.999990,1.000063,1.000000,3.000000,5.000000,17.434508,
6.220000,9.000005,3.999990,1.000063,1.000000,3.000000,5.000000,17.681182,
6.230000,9.000005,3.999990,1.000063,1.000000,3.000000,5.000000,17.858075,
6.240000,9.000005,3.999990,1.000063,1.000000,3.000000,5.000000,17.964491,
6.250000,9.000005,3.999990,1.000063,1.000000,3.000000,5.000000,18.000010,
6.260000,9.000005,3.999990,1.000063,1.000000,3.000000,5.000000,17.964490,
6.270000,9.000005,3.999990,1.000063,1.000000,3.000000,5.000000,17.858073,
6.280000,9.000005,3.999990,1.000063,1.000000,3.000000,5.000000,17.681178,
6.290000,9.000005,3.999990,1.000063,1.000000,3.000000,5.000000,17.434504,
6.300000,9.000005,3.999990,1.000063,1.000000,3.000000,5.000000,17.119024,
6.310000,9.000005,3.999990,1.000063,1.000000,3.000000,5.000000,16.735982,
6.320000,9.000005,3.999990,1.000063,1.000000,3.000000,5.000000,16.286892,
6.330000,9.000005,3.999990,1.000063,1.000000,3.000000,5.000000,15.773524,
6.340000,9.000005,3.999990,1.000063,1.000000,3.000000,5.000000,15.197906,
6.350000,9.000005,3.999990,1.000063,1.000000,3.000000,5.000000,14.562309,
6.360000,9.000005,3.999990,1.000063,1.000000,3.000000,5.000000,13.869240,
6.370000,9.000005,3.999990,1.000063,1.000000,3.000000,5.000000,13.121436,
6.380000,9.000005,3.999990,1.000063,1.000000,3.000000,5.000000,12.321848,
6.390000,9.000005,3.999990,1.000063,1.000000,3.000000,5.000000,11.473631,
6.400000,9.000005,3.999990,1.000063,1.000000,3.000000,5.000000,10.580133,
6.410000,9.000005,3.999990,1.000063,1.000000,3.000000,5.000000,9.644880,
6.420000,9.000005,3.999990,1.000063,1.000000,3.000000,5.000000,8.671563,
6.430000,9.000005,3.999990,1.000063,1.000000,3.000000,5.000000,7.664023,
6.440000,9.000005,3.999990,1.000063,1.000000,3.000000,5.000000,6.626237,
6.450000,9.000005,3.999990,1.000063,1.000000,3.000000,5.000000,5.562301,
6.460000,9.000005,3.999990,1.000063,1.000000,3.000000,5.000000,4.476412,
6.470000,9.000005,3.999990,1.000063,1.000000,3.000000,5.000000,3.372857,
6.480000,9.000005,3.999990,1.000063,1.000000,3.000000,5.000000,2.255991,
6.490000,9.000005,3.999990,1.000063,1.000000,3.000000,5.000000,1.130221,
6.500000,9.000005,3.999990,1.000063,1.000000,3.000000,5.000000,-0.000009,
6.510000,9.000005,3.999990,1.000063,1.000000,3.000000,5.000000,-1.130239,
6.520000,9.000005,3.999990,1.000063,1.000000,3.000000,5.000000,-2.256008,
6.530000,9.000005,3.999990,1.000063,1.000000,3.000000,5.000000,-3.372874,
6.540000,9.000005,3.999990,1.000063,1.000000,3.000000,5.000000,-4.476429,
6.550000,9.000005,3.999990,1.000063,1.000000,3.000000,5.000000,-5.562317,
6.560000,9.000005,3.999990,1.000063,1.000000,3.000000,5.000000,-6.626254,
6.570000,9.000005,3.999990,1.000063,1.000000,3.000000,5.000000,-7.664039,
6.580000,9.000005,3.999990,1.000063,1.000000,3.000000,5.000000,-8.671578,
6.590000,9.000005,3.999990,1.000063,1.000000,3.000000,5.000000,-9.644895,
6.600000,9.000005,3.999990,1.000063,1.000000,3.000000,5.000000,-10.580147,
6.610000,9.000005,3.999990,1.000063,1.000000,3.000000,5.000000,-11.473645,
6.620000,9.000005,3.999990,1.000063,1.000000,3.000000,5.000000,-12.321861,
6.630000,9.000005,3.999990,1.000063,1.000000,3.000000,5.000000,-13.121448,
6.640000,9.000005,3.999990,1.000063,1.000000,3.000000,5.000000,-13.869251,
6.650000,9.000005,3.999990,1.000063,1.000000,3.000000,5.000000,-14.562319,
6.660000,9.000005,3.999990,1.000063,1.000000,3.000000,5.000000,-15.197915,
6.670000,9.000005,3.999990,1.000063,1.000000,3.000000,5.000000,-15.773533,
6.680000,9.000005,3.999990,1.000063,1.000000,3.000000,5.000000,-16.286899,
6.690000,9.000005,3.999990,1.000063,1.000000,3.000000,5.000000,-16.735989,
6.700000,9.000005,3.999990,1.000063,1.000000,3.000000,5.000000,-17.119029,
6.710000,9.000005,3.999990,1.000063,1.000000,3.000000,5.000000,-17.434508,
6.720000,9.000005,3.999990,1.000063,1.000000,3.000000,5.000000,-17.681182,
6.730000,9.000005,3.999990,1.000063,1.000000,3.000000,5.000000,-17.858075,
6.740000,9.000005,3.999990,1.000063,1.000000,3.000000,5.000000,-17.964491,
6.750000,9.000005,3.999990,1.000063,1.000000,3.000000,5.000000,-18.000010,
6.760000,9.000005,3.999990,1.000063,1.000000,3.000000,5.000000,-17.964490,
6.770000,9.000005,3.999990,1.000063,1.000000,3.000000,5.000000,-17.858073,
6.780000,9.000005,3.999990,1.000063,1.000000,3.000000,5.000000,-17.681178,
6.790000,9.000005,3.999990,1.000063,1.000000,3.000000,5.000000,-17.434504,
6.800000,9.000005,3.999990,1.000063,1.000000,3.000000,5.000000,-17.119024,
6.810000,9.000005,3.999990,1.000063,1.000000,3.000000,5.000000,-16.735982,
6.820000,9.000005,3.999990,1.000063,1.000000,3.000000,5.000000,-16.286892,
6.830000,9.000005,3.999990,1.000063,1.000000,3.000000,5.000000,-15.773524,
6.840000,9.000005,3.999990,1.000063,1.000000,3.000000,5.000000,-15.197906,
6.850000,9.000005,3.999990,1.000063,1.000000,3.000000,5.000000,-14.562309,
6.860000,9.000005,3.999990,1.000063,1.000000,3.000000,5.000000,-13.869240,
6.870000,9.000005,3.999990,1.000063,1.000000,3.000000,5.000000,-13.121436,
6.880000,9.000005,3.999990,1.000063,1.000000,3.000000,5.000000,-12.321848,
6.890000,9.000005,3.999990,1.000063,1.000000,3.000000,5.000000,-11.473631,
6.900000,9.000005,3.999990,1.000063,1.000000,3.000000,5.000000,-10.580133,
6.910000,9.000005,3.999990,1.000063,1.000000,3.000000,5.000000,-9.644880,
6.920000,9.000005,3.999990,1.000063,1.000000,3.000000,5.000000,-8.671563,
6.930000,9.000005,3.999990,1.000063,1.000000,3.000000,5.000000,-7.664023,
6.940000,9.000005,3.999990,1.000063,1.000000,3.000000,5.000000,-6.626237,
6.950000,9.000005,3.999990,1.000063,1.000000,3.000000,5.000000,-5.562301,
6.960000,9.000005,3.999990,1.000063,1.000000,3.000000,5.000000,-4.476412,
6.970000,9.000005,3.999990,1.000063,1.000000,3.000000,5.000000,-3.372857,
6.980000,9.000005,3.999990,1.000063,1.000000,3.000000,5.000000,-2.255991,
6.990000,9.000005,3.999990,1.000063,1.000000,3.000000,5.000000,-1.130221,
7.000000,9.000005,3.999990,1.000063,1.000000,3.000000,5.000000,0.000009,
7.010000,9.000005,3.999990,1.000063,1.000000,3.000000,5.000000,1.130239,
7.020000,9.000005,3.999990,1.000063,1.000000,3.000000,5.000000,2.256008,
7.030000,9.000005,3.999990,1.000063,1.000000,3.000000,5.000000,3.372874,
7.040000,9.000005,3.999990,1.000063,1.000000,3.000000,5.000000,4.476429,
7.050000,9.000005,3.999990,1.000063,1.000000,3.000000,5.000000,5.562317,
7.060000,9.000005,3.999990,1.000063,1.000000,3.000000,5.000000,6.626254,
7.070000,9.000005,3.999990,1.000063,1.000000,3.000000,5.000000,7.664039,
7.080000,9.000005,3.999990,1.000063,1.000000,3.000000,5.000000,8.671578,
7.090000,9.000005,3.999990,1.000063,1.000000,3.000000,5.000000,9.644895,
7.100000,9.000005,3.999990,1.000063,1.000000,3.000000,5.000000,10.580147,
7.110000,9.000005,3.999990,1.000063,1.000000,3.000000,5.000000,11.473645,
7.120000,9.000005,3.999990,1.000063,1.000000,3.000000,5.000000,12.321861,
7.130000,9.000005,3.999990,1.000063,1.000000,3.000000,5.000000,13.121448,
7.140000,9.000005,3.999990,1.000063,1.000000,3.000000,5.000000,13.869251,
7.150000,9.000005,3.999990,1.000063,1.000000,3.000000,5.000000,14.562319,
7.160000,9.000005,3.999990,1.000063,1.000000,3.000000,5.000000,15.197915,
7.170000,9.000005,3.999990,1.000063,1.000000,3.000000,5.000000,15.773533,
7.180000,9.000005,3.999990,1.000063,1.000000,3.000000,5.000000,16.286899,
7.190000,9.000005,3.999990,1.000063,1.000000,3.000000,5.000000,16.735989,
7.200000,9.000005,3.999990,1.000063,1.000000,3.000000,5.000000,17.119029,
7.210000,9.000005,3.999990,1.000063,1.000000,3.000000,5.000000,17.434508,
7.220000,9.000005,3.999990,1.000063,1.000000,3.000000,5.000000,17.681182,
7.230000,9.000005,3.999990,1.000063,1.000000,3.000000,5.000000,17.858075,
7.240000,9.000005,3.999990,1.000063,1.000000,3.000000,5.000000,17.964491,
7.250000,9.000005,3.999990,1.000063,1.000000,3.000000,5.000000,18.000010,
7.260000,9.000005,3.999990,1.000063,1.000000,3.000000,5.000000,17.964490,
7.270000,9.000005,3.999990,1.000063,1.000000,3.000000,5.000000,17.858073,
7.280000,9.000005,3.999990,1.000063,1.000000,3.000000,5.000000,17.681178,
7.290000,9.000005,3.999990,1.000063,1.000000,3.000000,5.000000,17.434504,
7.300000,9.000005,3.999990,1.000063,1.000000,3.000000,5.000000,17.119024,
7.310000,9.000005,3.999990,1.000063,1.000000,3.000000,5.000000,16.735982,
7.320000,9.000005,3.999990,1.000063,1.000000,3.000000,5.000000,16.286892,
7.330000,9.000005,3.999990,1.000063,1.000000,3.000000,5.000000,15.773524,
7.340000,9.000005,3.999990,1.000063,1.000000,3.000000,5.000000,15.197906,
7.350000,9.000005,3.999990,1.000063,1.000000,3.000000,5.000000,14.562309,
7.360000,9.000005,3.999990,1.000063,1.000000,3.000000,5.000000,13.869240,
7.370000,9.000005,3.999990,1.000063,1.000000,3.000000,5.000000,13.121436,
7.380000,9.000005,3.999990,1.000063,1.000000,3.000000,5.000000,12.321848,
7.390000,9.000005,3.999990,1.000063,1.000000,3.000000,5.000000,11.473631,
7.400000,9.000005,3.999990,1.000063,1.000000,3.000000,5.000000,10.580133,
7.410000,9.000005,3.999990,1.000063,1.000000,3.000000,5.000000,9.644880,
7.420000,9.000005,3.999990,1.000063,1.000000,3.000000,5.000000,8.671563,
7.430000,9.000005,3.999990,1.000063,1.000000,3.000000,5.000000,7.664023,
7.440000,9.000005,3.999990,1.000063,1.000000,3.000000,5.000000,6.626237,
7.450000,9.000005,3.999990,1.000063,1.000000,3.000000,5.000000,5.562301,
7.460000,9.000005,3.999990,1.000063,1.000000,3.000000,5.000000,4.476412,
7.470000,9.000005,3.999990,1.000063,1.000000,3.000000,5.000000,3.372857,
7.480000,9.000005,3.999990,1.000063,1.000000,3.000000,5.000000,2.255991,
7.490000,9.000005,3.999990,1.000063,1.000000,3.000000,5.000000,1.130221,
7.500000,9.000005,3.999990,1.000063,1.000000,3.000000,5.000000,-0.000009,
7.510000,9.000005,3.999990,1.000063,1.000000,3.000000,5.000000,-1.130239,
7.520000,9.000005,3.999990,1.000063,1.000000,3.000000,5.000000,-2.256008,
7.530000,9.000005,3.999990,1.000063,1.000000,3.000000,5.000000,-3.372874,
7.540000,9.000005,3.999990,1.000063,1.000000,3.000000,5.000000,-4.476429,
7.550000,9.000005,3.999990,1.000063,1.000000,3.000000,5.000000,-5.562317,
7.560000,9.000005,3.999990,1.000063,1.000000,3.000000,5.000000,-6.626254,
7.570000,9.000005,3.999990,1.000063,1.000000,3.000000,5.000000,-7.664039,
7.580000,9.000005,3.999990,1.000063,1.000000,3.000000,5.000000,-8.671578,
7.590000,9.000005,3.999990,1.000063,1.000000,3.000000,5.000000,-9.644895,
7.600000,9.000005,3.999990,1.000063,1.000000,3.000000,5.000000,-10.580147,
7.610000,9.000005,3.999990,1.000063,1.000000,3.000000,5.000000,-11.473645,
7.620000,9.000005,3.999990,1.000063,1.000000,3.000000,5.000000,-12.321861,
7.630000,9.000005,3.999990,1.000063,1.000000,3.000000,5.000000,-13.121448,
7.640000,9.000005,3.999990,1.000063,1.000000,3.000000,5.000000,-13.869251,
7.650000,9.000005,3.999990,1.000063,1.000000,3.000000,5.000000,-14.562319,
7.660000,9.000005,3.999990,1.000063,1.000000,3.000000,5.000000,-15.197915,
7.670000,9.000005,3.999990,1.000063,1.000000,3.000000,5.000000,-15.773533,
7.680000,9.000005,3.999990,1.000063,1.000000,3.000000,5.000000,-16.286899,
7.690000,9.000005,3.999990,1.000063,1.000000,3.000000,5.000000,-16.735989,
7.700000,9.000005,3.999990,1.000063,1.000000,3.000000,5.000000,-17.119029,
7.710000,9.000005,3.999990,1.000063,1.000000,3.000000,5.000000,-17.434508,
7.720000,9.000005,3.999990,1.000063,1.000000,3.000000,5.000000,-17.681182,
7.730000,9.000005,3.999990,1.000063,1.000000,3.000000,5.000000,-17.858075,
7.740000,9.000005,3.999990,1.000063,1.000000,3.000000,5.000000,-17.964491,
7.750000,9.000005,3.999990,1.000063,1.000000,3.000000,5.000000,-18.000010,
7.760000,9.000005,3.999990,1.000063,1.000000,3.000000,5.000000,-17.964490,
7.770000,9.000005,3.999990,1.000063,1.000000,3.000000,5.000000,-17.858073,
7.780000,9.000005,3.999990,1.000063,1.000000,3.000000,5.000000,-17.681178,
7.790000,9.000005,3.999990,1.000063,1.000000,3.000000,5.000000,-17.434504,
7.800000,9.000005,3.999990,1.000063,1.000000,3.000000,5.000000,-17.119024,
7.810000,9.000005,3.999990,1.000063,1.000000,3.000000,5.000000,-16.735982,
7.820000,9.000005,3.999990,1.000063,1.000000,3.000000,5.000000,-16.286892,
7.830000,9.000005,3.999990,1.000063,1.000000,3.000000,5.000000,-15.773524,
7.840000,9.000005,3.999990,1.000063,1.000000,3.000000,5.000000,-15.197906,
7.850000,9.000005,3.999990,1.000063,1.000000,3.000000,5.000000,-14.562309,
7.860000,9.000005,3.999990,1.000063,1.000000,3.000000,5.000000,-13.869240,
7.870000,9.000005,3.999990,1.000063,1.000000,3.000000,5.000000,-13.121436,
7.880000,9.000005,3.999990,1.000063,1.000000,3.000000,5.000000,-12.321848,
7.890000,9.000005,3.999990,1.000063,1.000000,3.000000,5.000000,-11.473631,
7.900000,9.000005,3.999990,1.000063,1.000000,3.000000,5.000000,-10.580133,
7.910000,9.000005,3.999990,1.000063,1.000000,3.000000,5.000000,-9.644880,
7.920000,9.000005,3.999990,1.000063,1.000000,3.000000,5.000000,-8.671563,
7.930000,9.000005,3.999990,1.000063,1.000000,3.000000,5.000000,-7.664023,
7.940000,9.000005,3.999990,1.000063,1.000000,3.000000,5.000000,-6.626237,
7.950000,9.000005,3.999990,1.000063,1.000000,3.000000,5.000000,-5.562301,
7.960000,9.000005,3.999990,1.000063,1.000000,3.000000,5.000000,-4.476412,
7.970000,9.000005,3.999990,1.000063,1.000000,3.000000,5.000000,-3.372857,
7.980000,9.000005,3.999990,1.000063,1.000000,3.000000,5.000000,-2.255991,
7.990000,9.000005,3.999990,1.000063,1.000000,3.000000,5.000000,-1.130221,
8.000000,9.000005,3.999990,1.000063,1.000000,3.000000,5.000000,0.000009,
8.010000,9.000005,3.999990,1.000063,1.000000,3.000000,5.000000,1.130239,
8.020000,9.000005,3.999990,1.000063,1.000000,3.000000,5.000000,2.256008,
8.030000,9.000005,3.999990,1.000063,1.000000,3.000000,5.000000,3.372874,
8.040000,9.000005,3.999990,1.000063,1.000000,3.000000,5.000000,4.476429,
8.050000,9.000005,3.999990,1.000063,1.000000,3.000000,5.000000,5.562317,
8.060000,9.000005,3.999990,1.000063,1.000000,3.000000,5.000000,6.626254,
8.070000,9.000005,3.999990,1.000063,1.000000,3.000000,5.000000,7.664039,
8.080000,9.000005,3.999990,1.000063,1.000000,3.000000,5.000000,8.671578,
8.090000,9.000005,3.999990,1.000063,1.000000,3.000000,5.000000,9.644895,
8.100000,9.000005,3.999990,1.000063,1.000000,3.000000,5.000000,10.580147,
8.110000,9.000005,3.999990,1.000063,1.000000,3.000000,5.000000,11.473645,
8.120000,9.000005,3.999990,1.000063,1.000000,3.000000,5.000000,12.321861,
8.130000,9.000005,3.999990,1.000063,1.000000,3.000000,5.000000,13.121448,
8.140000,9.000005,3.999990,1.000063,1.000000,3.000000,5.000000,13.869251,
8.150000,9.000005,3.999990,1.000063,1.000000,3.000000,5.000000,14.562319,
8.160000,9.000005,3.999990,1.000063,1.000000,3.000000,5.000000,15.197915,
8.170000,9.000005,3.999990,1.000063,1.000000,3.000000,5.000000,15.773533,
8.180000,9.000005,3.999990,1.000063,1.000000,3.000000,5.000000,16.286899,
8.190000,9.000005,3.999990,1.000063,1.000000,3.000000,5.000000,16.735989,
8.200000,9.000005,3.999990,1.000063,1.000000,3.000000,5.000000,17.119029,
8.210000,9.000005,3.999990,1.000063,1.000000,3.000000,5.000000,17.434508,
8.220000,9.000005,3.999990,1.000063,1.000000,3.000000,5.000000,17.681182,
8.230000,9.000005,3.999990,1.000063,1.000000,3.000000,5.000000,17.858075,
8.240000,9.000005,3.999990,1.000063,1.000000,3.000000,5.000000,17.964491,
8.250000,9.000005,3.999990,1.000063,1.000000,3.000000,5.000000,18.000010,
8.260000,9.000005,3.999990,1.000063,1.000000,3.000000,5.000000,17.964490,
8.270000,9.000005,3.999990,1.000063,1.000000,3.000000,5.000000,17.858073,
8.280000,9.000005,3.999990,1.000063,1.000000,3.000000,5.000000,17.681178,
8.290000,9.000005,3.999990,1.000063,1.000000,3.000000,5.000000,17.434504,
8.300000,9.000005,3.999990,1.000063,1.000000,3.000000,5.000000,17.119024,
8.310000,9.000005,3.999990,1.000063,1.000000,3.000000,5.000000,16.735982,
8.320000,9.000005,3.999990,1.000063,1.000000,3.000000,5.000000,16.286892,
8.330000,9.000005,3.999990,1.000063,1.000000,3.000000,5.000000,15.773524,
8.340000,9.000005,3.999990,1.000063,1.000000,3.000000,5.000000,15.197906,
8.350000,9.000005,3.999990,1.000063,1.000000,3.000000,5.000000,14.562309,
8.360000,9.000005,3.999990,1.000063,1.000000,3.000000,5.000000,13.869240,
8.370000,9.000005,3.999990,1.000063,1.000000,3.000000,5.000000,13.121436,
8.380000,9.000005,3.999990,1.000063,1.000000,3.000000,5.000000,12.321848,
8.390000,9.000005,3.999990,1.000063,1.000000,3.000000,5.000000,11.473631,
8.400000,9.000005,3.999990,1.000063,1.000000,3.000000,5.000000,10.580133,
8.410000,9.000005,3.999990,1.000063,1.000000,3.000000,5.000000,9.644880,
8.420000,9.000005,3.999990,1.000063,1.000000,3.000000,5.000000,8.671563,
8.430000,9.000005,3.999990,1.000063,1.000000,3.000000,5.000000,7.664023,
8.440000,9.000005,3.999990,1.000063,1.000000,3.000000,5.000000,6.626237,
8.450000,9.000005,3.999990,1.000063,1.000000,3.000000,5.000000,5.562301,
8.460000,9.000005,3.999990,1.000063,1.000000,3.000000,5.000000,4.476412,
8.470000,9.000005,3.999990,1.000063,1.000000,3.000000,5.000000,3.372857,
8.480000,9.000005,3.999990,1.000063,1.000000,3.000000,5.000000,2.255991,
8.490000,9.000005,3.999990,1.000063,1.000000,3.000000,5.000000,1.130221,
8.500000,9.000005,3.999990,1.000063,1.000000,3.000000,5.000000,-0.000009,
8.510000,9.000005,3.999990,1.000063,1.000000,3.000000,5.000000,-1.130239,
8.520000,9.000005,3.999990,1.000063,1.000000,3.000000,5.000000,-2.256008,
8.530000,9.000005,3.999990,1.000063,1.000000,3.000000,5.000000,-3.372874,
8.540000,9.000005,3.999990,1.000063,1.000000,3.000000,5.000000,-4.476429,
8.550000,9.000005,3.999990,1.000063,1.000000,3.000000,5.000000,-5.562317,
8.560000,9.000005,3.999990,1.000063,1.000000,3.000000,5.000000,-6.626254,
8.570000,9.000005,3.999990,1.000063,1.000000,3.000000,5.000000,-7.664039,
8.580000,9.000005,3.999990,1.000063,1.000000,3.000000,5.000000,-8.671578,
8.590000,9.000005,3.999990,1.000063,1.000000,3.000000,5.000000,-9.644895,
8.600000,9.000005,3.999990,1.000063,1.000000,3.000000,5.000000,-10.580147,
8.610000,9.000005,3.999990,1.000063,1.000000,3.000000,5.000000,-11.473645,
8.620000,9.000005,3.999990,1.000063,1.000000,3.000000,5.000000,-12.321861,
8.630000,9.000005,3.999990,1.000063,1.000000,3.000000,5.000000,-13.121448,
8.640000,9.000005,3.999990,1.000063,1.000000,3.000000,5.000000,-13.869251,
8.650000,9.000005,3.999990,1.000063,1.000000,3.000000,5.000000,-14.562319,
8.660000,9.000005,3.999990,1.000063,1.000000,3.000000,5.000000,-15.197915,
8.670000,9.000005,3.999990,1.000063,1.000000,3.000000,5.000000,-15.773533,
8.680000,9.000005,3.999990,1.000063,1.000000,3.000000,5.000000,-16.286899,
8.690000,9.000005,3.999990,1.000063,1.000000,3.000000,5.000000,-16.735989,
8.700000,9.000005,3.999990,1.000063,1.000000,3.000000,5.000000,-17.119029,
8.710000,9.000005,3.999990,1.000063,1.000000,3.000000,5.000000,-17.434508,
8.720000,9.000005,3.999990,1.000063,1.000000,3.000000,5.000000,-17.681182,
8.730000,9.000005,3.999990,1.000063,1.000000,3.000000,5.000000,-17.858075,
8.740000,9.000005,3.999990,1.000063,1.000000,3.000000,5.000000,-17.964491,
8.750000,9.000005,3.999990,1.000063,1.000000,3.000000,5.000000,-18.000010,
8.760000,9.000005,3.999990,1.000063,1.000000,3.000000,5.000000,-17.964490,
8.770000,9.000005,3.999990,1.000063,1.000000,3.000000,5.000000,-17.858073,
8.780000,9.000005,3.999990,1.000063,1.000000,3.000000,5.000000,-17.681178,
8.790000,9.000005,3.999990,1.000063,1.000000,3.000000,5.000000,-17.434504,
8.800000,9.000005,3.999990,1.000063,1.000000,3.000000,5.000000,-17.119024,
8.810000,9.000005,3.999990,1.000063,1.000000,3.000000,5.000000,-16.735982,
8.820000,9.000005,3.999990,1.000063,1.000000,3.000000,5.000000,-16.286892,
8.830000,9.000005,3.999990,1.000063,1.000000,3.000000,5.000000,-15.773524,
8.840000,9.000005,3.999990,1.000063,1.000000,3.000000,5.000000,-15.197906,
8.850000,9.000005,3.999990,1.000063,1.000000,3.000000,5.000000,-14.562309,
8.860000,9.000005,3.999990,1.000063,1.000000,3.000000,5.000000,-13.869240,
8.870000,9.000005,3.999990,1.000063,1.000000,3.000000,5.000000,-13.121436,
8.880000,9.000005,3.999990,1.000063,1.000000,3.000000,5.000000,-12.321848,
8.890000,9.000005,3.999990,1.000063,1.000000,3.000000,5.000000,-11.473631,
8.900000,9.000005,3.999990,1.000063,1.000000,3.000000,5.000000,-10.580133,
8.910000,9.000005,3.999990,1.000063,1.000000,3.000000,5.000000,-9.644880,
8.920000,9.000005,3.999990,1.000063,1.000000,3.000000,5.000000,-8.671563,
8.930000,9.000005,3.999990,1.000063,1.000000,3.000000,5.000000,-7.664023,
8.940000,9.000005,3.999990,1.000063,1.000000,3.000000,5.000000,-6.626237,
8.950000,9.000005,3.999990,1.000063,1.000000,3.000000,5.000000,-5.562301,
8.960000,9.000005,3.999990,1.000063,1.000000,3.000000,5.000000,-4.476412,
8.970000,9.000005,3.999990,1.000063,1.000000,3.000000,5.000000,-3.372857,
8.980000,9.000005,3.999990,1.000063,1.000000,3.000000,5.000000,-2.255991,
8.990000,9.000005,3.999990,1.000063,1.000000,3.000000,5.000000,-1.130221,
9.000000,9.000005,3.999990,1.000063,1.000000,3.000000,5.000000,0.000009,
9.010000,9.000005,3.999990,1.000063,1.000000,3.000000,5.000000,1.130239,
9.020000,9.000005,3.999990,1.000063,1.000000,3.000000,5.000000,2.256008,
9.030000,9.000005,3.999990,1.000063,1.000000,3.000000,5.000000,3.372874,
9.040000,9.000005,3.999990,1.000063,1.000000,3.000000,5.000000,4.476429,
9.050000,9.000005,3.999990,1.000063,1.000000,3.000000,5.000000,5.562317,
9.060000,9.000005,3.999990,1.000063,1.000000,3.000000,5.000000,6.626254,
9.070000,9.000005,3.999990,1.000063,1.000000,3.000000,5.000000,7.664039,
9.080000,9.000005,3.999990,1.000063,1.000000,3.000000,5.000000,8.671578,
9.090000,9.000005,3.999990,1.000063,1.000000,3.000000,5.000000,9.644895,
9.100000,9.000005,3.999990,1.000063,1.000000,3.000000,5.000000,10.580147,
9.110000,9.000005,3.999990,1.000063,1.000000,3.000000,5.000000,11.473645,
9.120000,9.000005,3.999990,1.000063,1.000000,3.000000,5.000000,12.321861,
9.130000,9.000005,3.999990,1.000063,1.000000,3.000000,5.000000,13.121448,
9.140000,9.000005,3.999990,1.000063,1.000000,3.000000,5.000000,13.869251,
9.150000,9.000005,3.999990,1.000063,1.000000,3.000000,5.000000,14.562319,
9.160000,9.000005,3.999990,1.000063,1.000000,3.000000,5.000000,15.197915,
9.170000,9.000005,3.999990,1.000063,1.000000,3.000000,5.000000,15.773533,
9.180000,9.000005,3.999990,1.000063,1.000000,3.000000,5.000000,16.286899,
9.190000,9.000005,3.999990,1.000063,1.000000,3.000000,5.000000,16.735989,
9.200000,9.000005,3.999990,1.000063,1.000000,3.000000,5.000000,17.119029,
9.210000,9.000005,3.999990,1.000063,1.000000,3.000000,5.000000,17.434508,
9.220000,9.000005,3.999990,1.000063,1.000000,3.000000,5.000000,17.681182,
9.230000,9.000005,3.999990,1.000063,1.000000,3.000000,5.000000,17.858075,
9.240000,9.000005,3.999990,1.000063,1.000000,3.000000,5.000000,17.964491,
9.250000,9.000005,3.999990,1.000063,1.000000,3.000000,5.000000,18.000010,
9.260000,9.000005,3.999990,1.000063,1.000000,3.000000,5.000000,17.964490,
9.270000,9.000005,3.999990,1.000063,1.000000,3.000000,5.000000,17.858073,
9.280000,9.000005,3.999990,1.000063,1.000000,3.000000,5.000000,17.681178,
9.290000,9.000005,3.999990,1.000063,1.000000,3.000000,5.000000,17.434504,
9.300000,9.000005,3.999990,1.000063,1.000000,3.000000,5.000000,17.119024,
9.310000,9.000005,3.999990,1.000063,1.000000,3.000000,5.000000,16.735982,
9.320000,9.000005,3.999990,1.000063,1.000000,3.000000,5.000000,16.286892,
9.330000,9.000005,3.999990,1.000063,1.000000,3.000000,5.000000,15.773524,
9.340000,9.000005,3.999990,1.000063,1.000000,3.000000,5.000000,15.197906,
9.350000,9.000005,3.999990,1.000063,1.000000,3.000000,5.000000,14.562309,
9.360000,9.000005,3.999990,1.000063,1.000000,3.000000,5.000000,13.869240,
9.370000,9.000005,3.999990,1.000063,1.000000,3.000000,5.000000,13.121436,
9.380000,9.000005,3.999990,1.000063,1.000000,3.000000,5.000000,12.321848,
9.390000,9.000005,3.999990,1.000063,1.000000,3.000000,5.000000,11.473631,
9.400000,9.000005,3.999990,1.000063,1.000000,3.000000,5.000000,10.580133,
9.410000,9.000005,3.999990,1.000063,1.000000,3.000000,5.000000,9.644880,
9.420000,9.000005,3.999990,1.000063,1.000000,3.000000,5.000000,8.671563,
9.430000,9.000005,3.999990,1.000063,1.000000,3.000000,5.000000,7.664023,
9.440000,9.000005,3.999990,1.000063,1.000000,3.000000,5.000000,6.626237,
9.450000,9.000005,3.999990,1.000063,1.000000,3.000000,5.000000,5.562301,
9.460000,9.000005,3.999990,1.000063,1.000000,3.000000,5.000000,4.476412,
9.470000,9.000005,3.999990,1.000063,1.000000,3.000000,5.000000,3.372857,
9.480000,9.000005,3.999990,1.000063,1.000000,3.000000,5.000000,2.255991,
9.490000,9.000005,3.999990,1.000063,1.000000,3.000000,5.000000,1.130221,
9.500000,9.000005,3.999990,1.000063,1.000000,3.000000,5.000000,-0.000009,
9.510000,9.000005,3.999990,1.000063,1.000000,3.000000,5.000000,-1.130239,
9.520000,9.000005,3.999990,1.000063,1.000000,3.000000,5.000000,-2.256008,
9.530000,9.000005,3.999990,1.000063,1.000000,3.000000,5.000000,-3.372874,
9.540000,9.000005,3.999990,1.000063,1.000000,3.000000,5.000000,-4.476429,
9.550000,9.000005,3.999990,1.000063,1.000000,3.000000,5.000000,-5.562317,
9.560000,9.000005,3.999990,1.000063,1.000000,3.000000,5.000000,-6.626254,
9.570000,9.000005,3.999990,1.000063,1.000000,3.000000,5.000000,-7.664039,
9.580000,9.000005,3.999990,1.000063,1.000000,3.000000,5.000000,-8.671578,
9.590000,9.000005,3.999990,1.000063,1.000000,3.000000,5.000000,-9.644895,
9.600000,9.000005,3.999990,1.000063,1.000000,3.000000,5.000000,-10.580147,
9.610000,9.000005,3.999990,1.000063,1.000000,3.000000,5.000000,-11.473645,
9.620000,9.000005,3.999990,1.000063,1.000000,3.000000,5.000000,-12.321861,
9.630000,9.000005,3.999990,1.000063,1.000000,3.000000,5.000000,-13.121448,
9.640000,9.000005,3.999990,1.000063,1.000000,3.000000,5.000000,-13.869251,
9.650000,9.000005,3.999990,1.000063,1.000000,3.000000,5.000000,-14.562319,
9.660000,9.000005,3.999990,1.000063,1.000000,3.000000,5.000000,-15.197915,
9.670000,9.000005,3.999990,1.000063,1.000000,3.000000,5.000000,-15.773533,
9.680000,9.000005,3.999990,1.000063,1.000000,3.000000,5.000000,-16.286899,
9.690000,9.000005,3.999990,1.000063,1.000000,3.000000,5.000000,-16.735989,
9.700000,9.000005,3.999990,1.000063,1.000000,3.000000,5.000000,-17.119029,
9.710000,9.000005,3.999990,1.000063,1.000000,3.000000,5.000000,-17.434508,
9.720000,9.000005,3.999990,1.000063,1.000000,3.000000,5.000000,-17.681182,
9.730000,9.000005,3.999990,1.000063,1.000000,3.000000,5.000000,-17.858075,
9.740000,9.000005,3.999990,1.000063,1.000000,3.000000,5.000000,-17.964491,
9.750000,9.000005,3.999990,1.000063,1.000000,3.000000,5.000000,-18.000010,
9.760000,9.000005,3.999990,1.000063,1.000000,3.000000,5.000000,-17.964490,
9.770000,9.000005,3.999990,1.000063,1.000000,3.000000,5.000000,-17.858073,
9.780000,9.000005,3.999990,1.000063,1.000000,3.000000,5.000000,-17.681178,
9.790000,9.000005,3.999990,1.000063,1.000000,3.000000,5.000000,-17.434504,
9.800000,9.000005,3.999990,1.000063,1.000000,3.000000,5.000000,-17.119024,
9.810000,9.000005,3.999990,1.000063,1.000000,3.000000,5.000000,-16.735982,
9.820000,9.000005,3.999990,1.000063,1.000000,3.000000,5.000000,-16.286892,
9.830000,9.000005,3.999990,1.000063,1.000000,3.000000,5.000000,-15.773524,
9.840000,9.000005,3.999990,1.000063,1.000000,3.000000,5.000000,-15.197906,
9.850000,9.000005,3.999990,1.000063,1.000000,3.000000,5.000000,-14.562309,
9.860000,9.000005,3.999990,1.000063,1.000000,3.000000,5.000000,-13.869240,
9.870000,9.000005,3.999990,1.000063,1.000000,3.000000,5.000000,-13.121436,
9.880000,9.000005,3.999990,1.000063,1.000000,3.000000,5.000000,-12.321848,
9.890000,9.000005,3.999990,1.000063,1.000000,3.000000,5.000000,-11.473631,
9.900000,9.000005,3.999990,1.000063,1.000000,3.000000,5.000000,-10.580133,
9.910000,9.000005,3.999990,1.000063,1.000000,3.000000,5.000000,-9.644880,
9.920000,9.000005,3.999990,1.000063,1.000000,3.000000,5.000000,-8.671563,
9.930000,9.000005,3.999990,1.000063,1.000000,3.000000,5.000000,-7.664023,
9.940000,9.000005,3.999990,1.000063,1.000000,3.000000,5.000000,-6.626237,
9.950000,9.000005,3.999990,1.000063,1.000000,3.000000,5.000000,-5.562301,
9.960000,9.000005,3.999990,1.000063,1.000000,3.000000,5.000000,-4.476412,
9.970000,9.000005,3.999990,1.000063,1.000000,3.000000,5.000000,-3.372857,
9.980000,9.000005,3.999990,1.000063,1.000000,3.000000,5.000000,-2.255991,
9.990000,9.000005,3.999990,1.000063,1.000000,3.000000,5.000000,-1.130221,
