9,1,1000,
0.000000,0.000009,7.858278,0.000013,-0.000069,-1.130230,-0.000015,-0.618073,-0.000029,4.000000,
0.010000,0.000009,7.438193,0.000011,-0.000036,-2.255999,-0.000030,-1.175645,0.000034,4.803300,
0.020000,0.000009,6.754606,0.000008,0.000112,-3.372865,-0.000044,-1.618137,-0.000011,5.434900,
0.030000,0.000008,5.831734,0.000004,-0.000095,-4.476420,-0.000056,-1.902234,-0.000021,5.872800,
0.040000,0.000008,4.702270,0.000000,0.000000,-5.562309,-0.000066,-2.000127,0.000036,6.105100,
0.050000,0.000008,3.406226,-0.000004,0.000095,-6.626245,-0.000074,-1.902234,-0.000021,6.132300,
0.060000,0.000008,1.989514,-0.000008,-0.000112,-7.664031,-0.000080,-1.618137,-0.000011,5.967300,
0.070000,0.000008,0.502323,-0.000011,0.000036,-8.671571,-0.000082,-1.175645,0.000034,5.635800,
0.080000,0.000007,-1.002663,-0.000013,0.000069,-9.644887,-0.000081,-0.618073,-0.000029,5.174700,
0.090000,0.000007,-2.472130,-0.000014,-0.000117,-10.580140,-0.000078,-0.000000,-0.000000,4.630100,
0.100000,0.000007,-3.854019,-0.000013,0.000069,-11.473638,-0.000072,0.618073,0.000029,4.054000,
0.110000,0.000006,-5.099379,-0.000011,0.000036,-12.321854,-0.000063,1.175645,-0.000034,3.500800,
0.120000,0.000006,-6.164090,-0.000008,-0.000112,-13.121442,-0.000052,1.618137,0.000011,3.023400,
0.130000,0.000006,-7.010435,-0.000004,0.000095,-13.869246,-0.000040,1.902234,0.000021,2.669600,
0.140000,0.000005,-7.608433,0.000000,-0.000000,-14.562314,-0.000025,2.000127,-0.000036,2.478300,
0.150000,0.000005,-7.936897,0.000004,-0.000095,-15.197911,-0.000010,1.902234,0.000021,2.476900,
0.160000,0.000004,-7.984193,0.000008,0.000112,-15.773529,0.000005,1.618137,0.000011,2.679400,
0.170000,0.000004,-7.748645,0.000011,-0.000036,-16.286896,0.000020,1.175645,-0.000034,3.085600,
0.180000,0.000003,-7.238598,0.000013,-0.000069,-16.735986,0.000035,0.618073,0.000029,3.681300,
0.190000,0.000003,-6.472119,0.000014,0.000117,-17.119026,0.000048,0.000000,0.000000,4.439700,
0.200000,0.000002,-5.476363,0.000013,-0.000069,-17.434506,0.000060,-0.618073,-0.000029,5.323400,
0.210000,0.000002,-4.286603,0.000011,-0.000036,-17.681180,0.000069,-1.175645,0.000034,6.288100,
0.220000,0.000001,-2.944989,0.000008,0.000112,-17.858074,0.000076,-1.618137,-0.000011,7.285100,
0.230000,0.000001,-1.499047,0.000004,-0.000095,-17.964491,0.000081,-1.902234,-0.000021,8.265600,
0.240000,-0.000000,0.000000,-0.000000,0.000000,-18.000010,0.000082,-2.000127,0.000036,9.183800,
0.250000,-0.000001,1.499047,-0.000004,0.000095,-17.964491,0.000081,-1.902234,-0.000021,10.000000,
0.260000,-0.000001,2.944989,-0.000008,-0.000112,-17.858074,0.000076,-1.618137,-0.000011,10.683000,
0.270000,-0.000002,4.286603,-0.000011,0.000036,-17.681180,0.000069,-1.175645,0.000034,11.211000,
0.280000,-0.000002,5.476363,-0.000013,0.000069,-17.434506,0.000060,-0.618073,-0.000029,11.572000,
0.290000,-0.000003,6.472119,-0.000014,-0.000117,-17.119026,0.000048,-0.000000,-0.000000,11.764000,
0.300000,-0.000003,7.238598,-0.000013,0.000069,-16.735986,0.000035,0.618073,0.000029,11.796000,
0.310000,-0.000004,7.748645,-0.000011,0.000036,-16.286896,0.000020,1.175645,-0.000034,11.678000,
0.320000,-0.000004,7.984193,-0.000008,-0.000112,-15.773529,0.000005,1.618137,0.000011,11.430000,
0.330000,-0.000005,7.936897,-0.000004,0.000095,-15.197911,-0.000010,1.902234,0.000021,11.070000,
0.340000,-0.000005,7.608433,0.000000,-0.000000,-14.562314,-0.000025,2.000127,-0.000036,10.616000,
0.350000,-0.000006,7.010435,0.000004,-0.000095,-13.869246,-0.000040,1.902234,0.000021,10.085000,
0.360000,-0.000006,6.164090,0.000008,0.000112,-13.121442,-0.000052,1.618137,0.000011,9.488800,
0.370000,-0.000006,5.099379,0.000011,-0.000036,-12.321854,-0.000063,1.175645,-0.000034,8.833800,
0.380000,-0.000007,3.854019,0.000013,-0.000069,-11.473638,-0.000072,0.618073,0.000029,8.122800,
0.390000,-0.000007,2.472130,0.000014,0.000117,-10.580140,-0.000078,-0.000000,-0.000000,7.354800,
0.400000,-0.000007,1.002663,0.000013,-0.000069,-9.644887,-0.000081,-0.618073,-0.000029,6.526100,
0.410000,-0.000008,-0.502323,0.000011,-0.000036,-8.671571,-0.000082,-1.175645,0.000034,5.632800,
0.420000,-0.000008,-1.989514,0.000008,0.000112,-7.664031,-0.000080,-1.618137,-0.000011,4.672400,
0.430000,-0.000008,-3.406226,0.000004,-0.000095,-6.626245,-0.000074,-1.902234,-0.000021,3.646300,
0.440000,-0.000008,-4.702270,-0.000000,0.000000,-5.562309,-0.000066,-2.000127,0.000036,2.561100,
0.450000,-0.000008,-5.831734,-0.000004,0.000095,-4.476420,-0.000056,-1.902234,-0.000021,1.430000,
0.460000,-0.000009,-6.754606,-0.000008,-0.000112,-3.372865,-0.000044,-1.618137,-0.000011,0.273390,
0.470000,-0.000009,-7.438193,-0.000011,0.000036,-2.255999,-0.000030,-1.175645,0.000034,-0.881860,
0.480000,-0.000009,-7.858278,-0.000013,0.000069,-1.130230,-0.000015,-0.618073,-0.000029,-2.003300,
0.490000,-0.000009,-7.999979,-0.000014,-0.000117,0.000000,0.000000,0.000000,0.000000,-3.055000,
0.500000,-0.000009,-7.858278,-0.000013,0.000069,1.130230,0.000015,0.618073,0.000029,-4.000000,
0.510000,-0.000009,-7.438193,-0.000011,0.000036,2.255999,0.000030,1.175645,-0.000034,-4.803300,
0.520000,-0.000009,-6.754606,-0.000008,-0.000112,3.372865,0.000044,1.618137,0.000011,-5.434900,
0.530000,-0.000008,-5.831734,-0.000004,0.000095,4.476420,0.000056,1.902234,0.000021,-5.872800,
0.540000,-0.000008,-4.702270,-0.000000,0.000000,5.562309,0.000066,2.000127,-0.000036,-6.105100,
0.550000,-0.000008,-3.406226,0.000004,-0.000095,6.626245,0.000074,1.902234,0.000021,-6.132300,
0.560000,-0.000008,-1.989514,0.000008,0.000112,7.664031,0.000080,1.618137,0.000011,-5.967300,
0.570000,-0.000008,-0.502323,0.000011,-0.000036,8.671571,0.000082,1.175645,-0.000034,-5.635800,
0.580000,-0.000007,1.002663,0.000013,-0.000069,9.644887,0.000081,0.618073,0.000029,-5.174700,
0.590000,-0.000007,2.472130,0.000014,0.000117,10.580140,0.000078,0.000000,-0.000000,-4.630100,
0.600000,-0.000007,3.854019,0.000013,-0.000069,11.473638,0.000072,-0.618073,-0.000029,-4.054000,
0.610000,-0.000006,5.099379,0.000011,-0.000036,12.321854,0.000063,-1.175645,0.000034,-3.500800,
0.620000,-0.000006,6.164090,0.000008,0.000112,13.121442,0.000052,-1.618137,-0.000011,-3.023400,
0.630000,-0.000006,7.010435,0.000004,-0.000095,13.869246,0.000040,-1.902234,-0.000021,-2.669600,
0.640000,-0.000005,7.608433,-0.000000,0.000000,14.562314,0.000025,-2.000127,0.000036,-2.478300,
0.650000,-0.000005,7.936897,-0.000004,0.000095,15.197911,0.000010,-1.902234,-0.000021,-2.476900,
0.660000,-0.000004,7.984193,-0.000008,-0.000112,15.773529,-0.000005,-1.618137,-0.000011,-2.679400,
0.670000,-0.000004,7.748645,-0.000011,0.000036,16.286896,-0.000020,-1.175645,0.000034,-3.085600,
0.680000,-0.000003,7.238598,-0.000013,0.000069,16.735986,-0.000035,-0.618073,-0.000029,-3.681300,
0.690000,-0.000003,6.472119,-0.000014,-0.000117,17.119026,-0.000048,-0.000000,0.000000,-4.439700,
0.700000,-0.000002,5.476363,-0.000013,0.000069,17.434506,-0.000060,0.618073,0.000029,-5.323400,
0.710000,-0.000002,4.286603,-0.000011,0.000036,17.681180,-0.000069,1.175645,-0.000034,-6.288100,
0.720000,-0.000001,2.944989,-0.000008,-0.000112,17.858074,-0.000076,1.618137,0.000011,-7.285100,
0.730000,-0.000001,1.499047,-0.000004,0.000095,17.964491,-0.000081,1.902234,0.000021,-8.265600,
0.740000,0.000000,-0.000000,0.000000,-0.000000,18.000010,-0.000082,2.000127,-0.000036,-9.183800,
0.750000,0.000001,-1.499047,0.000004,-0.000095,17.964491,-0.000081,1.902234,0.000021,-10.000000,
0.760000,0.000001,-2.944989,0.000008,0.000112,17.858074,-0.000076,1.618137,0.000011,-10.683000,
0.770000,0.000002,-4.286603,0.000011,-0.000036,17.681180,-0.000069,1.175645,-0.000034,-11.211000,
0.780000,0.000002,-5.476363,0.000013,-0.000069,17.434506,-0.000060,0.618073,0.000029,-11.572000,
0.790000,0.000003,-6.472119,0.000014,0.000117,17.119026,-0.000048,0.000000,0.000000,-11.764000,
0.800000,0.000003,-7.238598,0.000013,-0.000069,16.735986,-0.000035,-0.618073,-0.000029,-11.796000,
0.810000,0.000004,-7.748645,0.000011,-0.000036,16.286896,-0.000020,-1.175645,0.000034,-11.678000,
0.820000,0.000004,-7.984193,0.000008,0.000112,15.773529,-0.000005,-1.618137,-0.000011,-11.430000,
0.830000,0.000005,-7.936897,0.000004,-0.000095,15.197911,0.000010,-1.902234,-0.000021,-11.070000,
0.840000,0.000005,-7.608433,-0.000000,0.000000,14.562314,0.000025,-2.000127,0.000036,-10.616000,
0.850000,0.000006,-7.010435,-0.000004,0.000095,13.869246,0.000040,-1.902234,-0.000021,-10.085000,
0.860000,0.000006,-6.164090,-0.000008,-0.000112,13.121442,0.000052,-1.618137,-0.000011,-9.488800,
0.870000,0.000006,-5.099379,-0.000011,0.000036,12.321854,0.000063,-1.175645,0.000034,-8.833800,
0.880000,0.000007,-3.854019,-0.000013,0.000069,11.473638,0.000072,-0.618073,-0.000029,-8.122800,
0.890000,0.000007,-2.472130,-0.000014,-0.000117,10.580140,0.000078,0.000000,0.000000,-7.354800,
0.900000,0.000007,-1.002663,-0.000013,0.000069,9.644887,0.000081,0.618073,0.000029,-6.526100,
0.910000,0.000008,0.502323,-0.000011,0.000036,8.671571,0.000082,1.175645,-0.000034,-5.632800,
0.920000,0.000008,1.989514,-0.000008,-0.000112,7.664031,0.000080,1.618137,0.000011,-4.672400,
0.930000,0.000008,3.406226,-0.000004,0.000095,6.626245,0.000074,1.902234,0.000021,-3.646300,
0.940000,0.000008,4.702270,0.000000,0.000000,5.562309,0.000066,2.000127,-0.000036,-2.561100,
0.950000,0.000008,5.831734,0.000004,-0.000095,4.476420,0.000056,1.902234,0.000021,-1.430000,
0.960000,0.000009,6.754606,0.000008,0.000112,3.372865,0.000044,1.618137,0.000011,-0.273390,
0.970000,0.000009,7.438193,0.000011,-0.000036,2.255999,0.000030,1.175645,-0.000034,0.881860,
0.980000,0.000009,7.858278,0.000013,-0.000069,1.130230,0.000015,0.618073,0.000029,2.003300,
0.990000,0.000009,7.999979,0.000014,0.000117,-0.000000,-0.000000,-0.000000,-0.000000,3.055000,
1.000000,0.000009,7.858278,0.000013,-0.000069,-1.130230,-0.000015,-0.618073,-0.000029,4.000000,
1.010000,0.000009,7.438193,0.000011,-0.000036,-2.255999,-0.000030,-1.175645,0.000034,4.803300,
1.020000,0.000009,6.754606,0.000008,0.000112,-3.372865,-0.000044,-1.618137,-0.000011,5.434900,
1.030000,0.000008,5.831734,0.000004,-0.000095,-4.476420,-0.000056,-1.902234,-0.000021,5.872800,
1.040000,0.000008,4.702270,0.000000,-0.000000,-5.562309,-0.000066,-2.000127,0.000036,6.105100,
1.050000,0.000008,3.406226,-0.000004,0.000095,-6.626245,-0.000074,-1.902234,-0.000021,6.132300,
1.060000,0.000008,1.989514,-0.000008,-0.000112,-7.664031,-0.000080,-1.618137,-0.000011,5.967300,
1.070000,0.000008,0.502323,-0.000011,0.000036,-8.671571,-0.000082,-1.175645,0.000034,5.635800,
1.080000,0.000007,-1.002663,-0.000013,0.000069,-9.644887,-0.000081,-0.618073,-0.000029,5.174700,
1.090000,0.000007,-2.472130,-0.000014,-0.000117,-10.580140,-0.000078,-0.000000,0.000000,4.630100,
1.100000,0.000007,-3.854019,-0.000013,0.000069,-11.473638,-0.000072,0.618073,0.000029,4.054000,
1.110000,0.000006,-5.099379,-0.000011,0.000036,-12.321854,-0.000063,1.175645,-0.000034,3.500800,
1.120000,0.000006,-6.164090,-0.000008,-0.000112,-13.121442,-0.000052,1.618137,0.000011,3.023400,
1.130000,0.000006,-7.010435,-0.000004,0.000095,-13.869246,-0.000040,1.902234,0.000021,2.669600,
1.140000,0.000005,-7.608433,0.000000,-0.000000,-14.562314,-0.000025,2.000127,-0.000036,2.478300,
1.150000,0.000005,-7.936897,0.000004,-0.000095,-15.197911,-0.000010,1.902234,0.000021,2.476900,
1.160000,0.000004,-7.984193,0.000008,0.000112,-15.773529,0.000005,1.618137,0.000011,2.679400,
1.170000,0.000004,-7.748645,0.000011,-0.000036,-16.286896,0.000020,1.175645,-0.000034,3.085600,
1.180000,0.000003,-7.238598,0.000013,-0.000069,-16.735986,0.000035,0.618073,0.000029,3.681300,
1.190000,0.000003,-6.472119,0.000014,0.000117,-17.119026,0.000048,0.000000,-0.000000,4.439700,
1.200000,0.000002,-5.476363,0.000013,-0.000069,-17.434506,0.000060,-0.618073,-0.000029,5.323400,
1.210000,0.000002,-4.286603,0.000011,-0.000036,-17.681180,0.000069,-1.175645,0.000034,6.288100,
1.220000,0.000001,-2.944989,0.000008,0.000112,-17.858074,0.000076,-1.618137,-0.000011,7.285100,
1.230000,0.000001,-1.499047,0.000004,-0.000095,-17.964491,0.000081,-1.902234,-0.000021,8.265600,
1.240000,-0.000000,-0.000000,-0.000000,0.000000,-18.000010,0.000082,-2.000127,0.000036,9.183800,
1.250000,-0.000001,1.499047,-0.000004,0.000095,-17.964491,0.000081,-1.902234,-0.000021,10.000000,
1.260000,-0.000001,2.944989,-0.000008,-0.000112,-17.858074,0.000076,-1.618137,-0.000011,10.683000,
1.270000,-0.000002,4.286603,-0.000011,0.000036,-17.681180,0.000069,-1.175645,0.000034,11.211000,
1.280000,-0.000002,5.476363,-0.000013,0.000069,-17.434506,0.000060,-0.618073,-0.000029,11.572000,
1.290000,-0.000003,6.472119,-0.000014,-0.000117,-17.119026,0.000048,-0.000000,-0.000000,11.764000,
1.300000,-0.000003,7.238598,-0.000013,0.000069,-16.735986,0.000035,0.618073,0.000029,11.796000,
1.310000,-0.000004,7.748645,-0.000011,0.000036,-16.286896,0.000020,1.175645,-0.000034,11.678000,
1.320000,-0.000004,7.984193,-0.000008,-0.000112,-15.773529,0.000005,1.618137,0.000011,11.430000,
1.330000,-0.000005,7.936897,-0.000004,0.000095,-15.197911,-0.000010,1.902234,0.000021,11.070000,
1.340000,-0.000005,7.608433,0.000000,-0.000000,-14.562314,-0.000025,2.000127,-0.000036,10.616000,
1.350000,-0.000006,7.010435,0.000004,-0.000095,-13.869246,-0.000040,1.902234,0.000021,10.085000,
1.360000,-0.000006,6.164090,0.000008,0.000112,-13.121442,-0.000052,1.618137,0.000011,9.488800,
1.370000,-0.000006,5.099379,0.000011,-0.000036,-12.321854,-0.000063,1.175645,-0.000034,8.833800,
1.380000,-0.000007,3.854019,0.000013,-0.000069,-11.473638,-0.000072,0.618073,0.000029,8.122800,
1.390000,-0.000007,2.472130,0.000014,0.000117,-10.580140,-0.000078,-0.000000,-0.000000,7.354800,
1.400000,-0.000007,1.002663,0.000013,-0.000069,-9.644887,-0.000081,-0.618073,-0.000029,6.526100,
1.410000,-0.000008,-0.502323,0.000011,-0.000036,-8.671571,-0.000082,-1.175645,0.000034,5.632800,
1.420000,-0.000008,-1.989514,0.000008,0.000112,-7.664031,-0.000080,-1.618137,-0.000011,4.672400,
1.430000,-0.000008,-3.406226,0.000004,-0.000095,-6.626245,-0.000074,-1.902234,-0.000021,3.646300,
1.440000,-0.000008,-4.702270,-0.000000,-0.000000,-5.562309,-0.000066,-2.000127,0.000036,2.561100,
1.450000,-0.000008,-5.831734,-0.000004,0.000095,-4.476420,-0.000056,-1.902234,-0.000021,1.430000,
1.460000,-0.000009,-6.754606,-0.000008,-0.000112,-3.372865,-0.000044,-1.618137,-0.000011,0.273390,
1.470000,-0.000009,-7.438193,-0.000011,0.000036,-2.255999,-0.000030,-1.175645,0.000034,-0.881860,
1.480000,-0.000009,-7.858278,-0.000013,0.000069,-1.130230,-0.000015,-0.618073,-0.000029,-2.003300,
1.490000,-0.000009,-7.999979,-0.000014,-0.000117,-0.000000,0.000000,0.000000,0.000000,-3.055000,
1.500000,-0.000009,-7.858278,-0.000013,0.000069,1.130230,0.000015,0.618073,0.000029,-4.000000,
1.510000,-0.000009,-7.438193,-0.000011,0.000036,2.255999,0.000030,1.175645,-0.000034,-4.803300,
1.520000,-0.000009,-6.754606,-0.000008,-0.000112,3.372865,0.000044,1.618137,0.000011,-5.434900,
1.530000,-0.000008,-5.831734,-0.000004,0.000095,4.476420,0.000056,1.902234,0.000021,-5.872800,
1.540000,-0.000008,-4.702270,0.000000,-0.000000,5.562309,0.000066,2.000127,-0.000036,-6.105100,
1.550000,-0.000008,-3.406226,0.000004,-0.000095,6.626245,0.000074,1.902234,0.000021,-6.132300,
1.560000,-0.000008,-1.989514,0.000008,0.000112,7.664031,0.000080,1.618137,0.000011,-5.967300,
1.570000,-0.000008,-0.502323,0.000011,-0.000036,8.671571,0.000082,1.175645,-0.000034,-5.635800,
1.580000,-0.000007,1.002663,0.000013,-0.000069,9.644887,0.000081,0.618073,0.000029,-5.174700,
1.590000,-0.000007,2.472130,0.000014,0.000117,10.580140,0.000078,0.000000,0.000000,-4.630100,
1.600000,-0.000007,3.854019,0.000013,-0.000069,11.473638,0.000072,-0.618073,-0.000029,-4.054000,
1.610000,-0.000006,5.099379,0.000011,-0.000036,12.321854,0.000063,-1.175645,0.000034,-3.500800,
1.620000,-0.000006,6.164090,0.000008,0.000112,13.121442,0.000052,-1.618137,-0.000011,-3.023400,
1.630000,-0.000006,7.010435,0.000004,-0.000095,13.869246,0.000040,-1.902234,-0.000021,-2.669600,
1.640000,-0.000005,7.608433,-0.000000,0.000000,14.562314,0.000025,-2.000127,0.000036,-2.478300,
1.650000,-0.000005,7.936897,-0.000004,0.000095,15.197911,0.000010,-1.902234,-0.000021,-2.476900,
1.660000,-0.000004,7.984193,-0.000008,-0.000112,15.773529,-0.000005,-1.618137,-0.000011,-2.679400,
1.670000,-0.000004,7.748645,-0.000011,0.000036,16.286896,-0.000020,-1.175645,0.000034,-3.085600,
1.680000,-0.000003,7.238598,-0.000013,0.000069,16.735986,-0.000035,-0.618073,-0.000029,-3.681300,
1.690000,-0.000003,6.472119,-0.000014,-0.000117,17.119026,-0.000048,-0.000000,0.000000,-4.439700,
1.700000,-0.000002,5.476363,-0.000013,0.000069,17.434506,-0.000060,0.618073,0.000029,-5.323400,
1.710000,-0.000002,4.286603,-0.000011,0.000036,17.681180,-0.000069,1.175645,-0.000034,-6.288100,
1.720000,-0.000001,2.944989,-0.000008,-0.000112,17.858074,-0.000076,1.618137,0.000011,-7.285100,
1.730000,-0.000001,1.499047,-0.000004,0.000095,17.964491,-0.000081,1.902234,0.000021,-8.265600,
1.740000,0.000000,0.000000,0.000000,-0.000000,18.000010,-0.000082,2.000127,-0.000036,-9.183800,
1.750000,0.000001,-1.499047,0.000004,-0.000095,17.964491,-0.000081,1.902234,0.000021,-10.000000,
1.760000,0.000001,-2.944989,0.000008,0.000112,17.858074,-0.000076,1.618137,0.000011,-10.683000,
1.770000,0.000002,-4.286603,0.000011,-0.000036,17.681180,-0.000069,1.175645,-0.000034,-11.211000,
1.780000,0.000002,-5.476363,0.000013,-0.000069,17.434506,-0.000060,0.618073,0.000029,-11.572000,
1.790000,0.000003,-6.472119,0.000014,0.000117,17.119026,-0.000048,-0.000000,-0.000000,-11.764000,
1.800000,0.000003,-7.238598,0.000013,-0.000069,16.735986,-0.000035,-0.618073,-0.000029,-11.796000,
1.810000,0.000004,-7.748645,0.000011,-0.000036,16.286896,-0.000020,-1.175645,0.000034,-11.678000,
1.820000,0.000004,-7.984193,0.000008,0.000112,15.773529,-0.000005,-1.618137,-0.000011,-11.430000,
1.830000,0.000005,-7.936897,0.000004,-0.000095,15.197911,0.000010,-1.902234,-0.000021,-11.070000,
1.840000,0.000005,-7.608433,-0.000000,0.000000,14.562314,0.000025,-2.000127,0.000036,-10.616000,
1.850000,0.000006,-7.010435,-0.000004,0.000095,13.869246,0.000040,-1.902234,-0.000021,-10.085000,
1.860000,0.000006,-6.164090,-0.000008,-0.000112,13.121442,0.000052,-1.618137,-0.000011,-9.488800,
1.870000,0.000006,-5.099379,-0.000011,0.000036,12.321854,0.000063,-1.175645,0.000034,-8.833800,
1.880000,0.000007,-3.854019,-0.000013,0.000069,11.473638,0.000072,-0.618073,-0.000029,-8.122800,
1.890000,0.000007,-2.472130,-0.000014,-0.000117,10.580140,0.000078,0.000000,0.000000,-7.354800,
1.900000,0.000007,-1.002663,-0.000013,0.000069,9.644887,0.000081,0.618073,0.000029,-6.526100,
1.910000,0.000008,0.502323,-0.000011,0.000036,8.671571,0.000082,1.175645,-0.000034,-5.632800,
1.920000,0.000008,1.989514,-0.000008,-0.000112,7.664031,0.000080,1.618137,0.000011,-4.672400,
1.930000,0.000008,3.406226,-0.000004,0.000095,6.626245,0.000074,1.902234,0.000021,-3.646300,
1.940000,0.000008,4.702270,-0.000000,0.000000,5.562309,0.000066,2.000127,-0.000036,-2.561100,
1.950000,0.000008,5.831734,0.000004,-0.000095,4.476420,0.000056,1.902234,0.000021,-1.430000,
1.960000,0.000009,6.754606,0.000008,0.000112,3.372865,0.000044,1.618137,0.000011,-0.273390,
1.970000,0.000009,7.438193,0.000011,-0.000036,2.255999,0.000030,1.175645,-0.000034,0.881860,
1.980000,0.000009,7.858278,0.000013,-0.000069,1.130230,0.000015,0.618073,0.000029,2.003300,
1.990000,0.000009,7.999979,0.000014,0.000117,-0.000000,-0.000000,-0.000000,-0.000000,3.055000,
2.000000,0.000009,7.858278,0.000013,-0.000069,-1.130230,-0.000015,-0.618073,-0.000029,4.000000,
2.010000,0.000009,7.438193,0.000011,-0.000036,-2.255999,-0.000030,-1.175645,0.000034,4.803300,
2.020000,0.000009,6.754606,0.000008,0.000112,-3.372865,-0.000044,-1.618137,-0.000011,5.434900,
2.030000,0.000008,5.831734,0.000004,-0.000095,-4.476420,-0.000056,-1.902234,-0.000021,5.872800,
2.040000,0.000008,4.702270,-0.000000,0.000000,-5.562309,-0.000066,-2.000127,0.000036,6.105100,
2.050000,0.000008,3.406226,-0.000004,0.000095,-6.626245,-0.000074,-1.902234,-0.000021,6.132300,
2.060000,0.000008,1.989514,-0.000008,-0.000112,-7.664031,-0.000080,-1.618137,-0.000011,5.967300,
2.070000,0.000008,0.502323,-0.000011,0.000036,-8.671571,-0.000082,-1.175645,0.000034,5.635800,
2.080000,0.000007,-1.002663,-0.000013,0.000069,-9.644887,-0.000081,-0.618073,-0.000029,5.174700,
2.090000,0.000007,-2.472130,-0.000014,-0.000117,-10.580140,-0.000078,-0.000000,-0.000000,4.630100,
2.100000,0.000007,-3.854019,-0.000013,0.000069,-11.473638,-0.000072,0.618073,0.000029,4.054000,
2.110000,0.000006,-5.099379,-0.000011,0.000036,-12.321854,-0.000063,1.175645,-0.000034,3.500800,
2.120000,0.000006,-6.164090,-0.000008,-0.000112,-13.121442,-0.000052,1.618137,0.000011,3.023400,
2.130000,0.000006,-7.010435,-0.000004,0.000095,-13.869246,-0.000040,1.902234,0.000021,2.669600,
2.140000,0.000005,-7.608433,-0.000000,0.000000,-14.562314,-0.000025,2.000127,-0.000036,2.478300,
2.150000,0.000005,-7.936897,0.000004,-0.000095,-15.197911,-0.000010,1.902234,0.000021,2.476900,
2.160000,0.000004,-7.984193,0.000008,0.000112,-15.773529,0.000005,1.618137,0.000011,2.679400,
2.170000,0.000004,-7.748645,0.000011,-0.000036,-16.286896,0.000020,1.175645,-0.000034,3.085600,
2.180000,0.000003,-7.238598,0.000013,-0.000069,-16.735986,0.000035,0.618073,0.000029,3.681300,
2.190000,0.000003,-6.472119,0.000014,0.000117,-17.119026,0.000048,-0.000000,-0.000000,4.439700,
2.200000,0.000002,-5.476363,0.000013,-0.000069,-17.434506,0.000060,-0.618073,-0.000029,5.323400,
2.210000,0.000002,-4.286603,0.000011,-0.000036,-17.681180,0.000069,-1.175645,0.000034,6.288100,
2.220000,0.000001,-2.944989,0.000008,0.000112,-17.858074,0.000076,-1.618137,-0.000011,7.285100,
2.230000,0.000001,-1.499047,0.000004,-0.000095,-17.964491,0.000081,-1.902234,-0.000021,8.265600,
2.240000,-0.000000,0.000000,-0.000000,0.000000,-18.000010,0.000082,-2.000127,0.000036,9.183800,
2.250000,-0.000001,1.499047,-0.000004,0.000095,-17.964491,0.000081,-1.902234,-0.000021,10.000000,
2.260000,-0.000001,2.944989,-0.000008,-0.000112,-17.858074,0.000076,-1.618137,-0.000011,10.683000,
2.270000,-0.000002,4.286603,-0.000011,0.000036,-17.681180,0.000069,-1.175645,0.000034,11.211000,
2.280000,-0.000002,5.476363,-0.000013,0.000069,-17.434506,0.000060,-0.618073,-0.000029,11.572000,
2.290000,-0.000003,6.472119,-0.000014,-0.000117,-17.119026,0.000048,0.000000,0.000000,11.764000,
2.300000,-0.000003,7.238598,-0.000013,0.000069,-16.735986,0.000035,0.618073,0.000029,11.796000,
2.310000,-0.000004,7.748645,-0.000011,0.000036,-16.286896,0.000020,1.175645,-0.000034,11.678000,
2.320000,-0.000004,7.984193,-0.000008,-0.000112,-15.773529,0.000005,1.618137,0.000011,11.430000,
2.330000,-0.000005,7.936897,-0.000004,0.000095,-15.197911,-0.000010,1.902234,0.000021,11.070000,
2.340000,-0.000005,7.608433,0.000000,-0.000000,-14.562314,-0.000025,2.000127,-0.000036,10.616000,
2.350000,-0.000006,7.010435,0.000004,-0.000095,-13.869246,-0.000040,1.902234,0.000021,10.085000,
2.360000,-0.000006,6.164090,0.000008,0.000112,-13.121442,-0.000052,1.618137,0.000011,9.488800,
2.370000,-0.000006,5.099379,0.000011,-0.000036,-12.321854,-0.000063,1.175645,-0.000034,8.833800,
2.380000,-0.000007,3.854019,0.000013,-0.000069,-11.473638,-0.000072,0.618073,0.000029,8.122800,
2.390000,-0.000007,2.472130,0.000014,0.000117,-10.580140,-0.000078,0.000000,-0.000000,7.354800,
2.400000,-0.000007,1.002663,0.000013,-0.000069,-9.644887,-0.000081,-0.618073,-0.000029,6.526100,
2.410000,-0.000008,-0.502323,0.000011,-0.000036,-8.671571,-0.000082,-1.175645,0.000034,5.632800,
2.420000,-0.000008,-1.989514,0.000008,0.000112,-7.664031,-0.000080,-1.618137,-0.000011,4.672400,
2.430000,-0.000008,-3.406226,0.000004,-0.000095,-6.626245,-0.000074,-1.902234,-0.000021,3.646300,
2.440000,-0.000008,-4.702270,-0.000000,0.000000,-5.562309,-0.000066,-2.000127,0.000036,2.561100,
2.450000,-0.000008,-5.831734,-0.000004,0.000095,-4.476420,-0.000056,-1.902234,-0.000021,1.430000,
2.460000,-0.000009,-6.754606,-0.000008,-0.000112,-3.372865,-0.000044,-1.618137,-0.000011,0.273390,
2.470000,-0.000009,-7.438193,-0.000011,0.000036,-2.255999,-0.000030,-1.175645,0.000034,-0.881860,
2.480000,-0.000009,-7.858278,-0.000013,0.000069,-1.130230,-0.000015,-0.618073,-0.000029,-2.003300,
2.490000,-0.000009,-7.999979,-0.000014,-0.000117,0.000000,0.000000,0.000000,0.000000,-3.055000,
2.500000,-0.000009,-7.858278,-0.000013,0.000069,1.130230,0.000015,0.618073,0.000029,-4.000000,
2.510000,-0.000009,-7.438193,-0.000011,0.000036,2.255999,0.000030,1.175645,-0.000034,-4.803300,
2.520000,-0.000009,-6.754606,-0.000008,-0.000112,3.372865,0.000044,1.618137,0.000011,-5.434900,
2.530000,-0.000008,-5.831734,-0.000004,0.000095,4.476420,0.000056,1.902234,0.000021,-5.872800,
2.540000,-0.000008,-4.702270,0.000000,-0.000000,5.562309,0.000066,2.000127,-0.000036,-6.105100,
2.550000,-0.000008,-3.406226,0.000004,-0.000095,6.626245,0.000074,1.902234,0.000021,-6.132300,
2.560000,-0.000008,-1.989514,0.000008,0.000112,7.664031,0.000080,1.618137,0.000011,-5.967300,
2.570000,-0.000008,-0.502323,0.000011,-0.000036,8.671571,0.000082,1.175645,-0.000034,-5.635800,
2.580000,-0.000007,1.002663,0.000013,-0.000069,9.644887,0.000081,0.618073,0.000029,-5.174700,
2.590000,-0.000007,2.472130,0.000014,0.000117,10.580140,0.000078,-0.000000,-0.000000,-4.630100,
2.600000,-0.000007,3.854019,0.000013,-0.000069,11.473638,0.000072,-0.618073,-0.000029,-4.054000,
2.610000,-0.000006,5.099379,0.000011,-0.000036,12.321854,0.000063,-1.175645,0.000034,-3.500800,
2.620000,-0.000006,6.164090,0.000008,0.000112,13.121442,0.000052,-1.618137,-0.000011,-3.023400,
2.630000,-0.000006,7.010435,0.000004,-0.000095,13.869246,0.000040,-1.902234,-0.000021,-2.669600,
2.640000,-0.000005,7.608433,0.000000,-0.000000,14.562314,0.000025,-2.000127,0.000036,-2.478300,
2.650000,-0.000005,7.936897,-0.000004,0.000095,15.197911,0.000010,-1.902234,-0.000021,-2.476900,
2.660000,-0.000004,7.984193,-0.000008,-0.000112,15.773529,-0.000005,-1.618137,-0.000011,-2.679400,
2.670000,-0.000004,7.748645,-0.000011,0.000036,16.286896,-0.000020,-1.175645,0.000034,-3.085600,
2.680000,-0.000003,7.238598,-0.000013,0.000069,16.735986,-0.000035,-0.618073,-0.000029,-3.681300,
2.690000,-0.000003,6.472119,-0.000014,-0.000117,17.119026,-0.000048,0.000000,0.000000,-4.439700,
2.700000,-0.000002,5.476363,-0.000013,0.000069,17.434506,-0.000060,0.618073,0.000029,-5.323400,
2.710000,-0.000002,4.286603,-0.000011,0.000036,17.681180,-0.000069,1.175645,-0.000034,-6.288100,
2.720000,-0.000001,2.944989,-0.000008,-0.000112,17.858074,-0.000076,1.618137,0.000011,-7.285100,
2.730000,-0.000001,1.499047,-0.000004,0.000095,17.964491,-0.000081,1.902234,0.000021,-8.265600,
2.740000,-0.000000,-0.000000,0.000000,-0.000000,18.000010,-0.000082,2.000127,-0.000036,-9.183800,
2.750000,0.000001,-1.499047,0.000004,-0.000095,17.964491,-0.000081,1.902234,0.000021,-10.000000,
2.760000,0.000001,-2.944989,0.000008,0.000112,17.858074,-0.000076,1.618137,0.000011,-10.683000,
2.770000,0.000002,-4.286603,0.000011,-0.000036,17.681180,-0.000069,1.175645,-0.000034,-11.211000,
2.780000,0.000002,-5.476363,0.000013,-0.000069,17.434506,-0.000060,0.618073,0.000029,-11.572000,
2.790000,0.000003,-6.472119,0.000014,0.000117,17.119026,-0.000048,-0.000000,0.000000,-11.764000,
2.800000,0.000003,-7.238598,0.000013,-0.000069,16.735986,-0.000035,-0.618073,-0.000029,-11.796000,
2.810000,0.000004,-7.748645,0.000011,-0.000036,16.286896,-0.000020,-1.175645,0.000034,-11.678000,
2.820000,0.000004,-7.984193,0.000008,0.000112,15.773529,-0.000005,-1.618137,-0.000011,-11.430000,
2.830000,0.000005,-7.936897,0.000004,-0.000095,15.197911,0.000010,-1.902234,-0.000021,-11.070000,
2.840000,0.000005,-7.608433,-0.000000,-0.000000,14.562314,0.000025,-2.000127,0.000036,-10.616000,
2.850000,0.000006,-7.010435,-0.000004,0.000095,13.869246,0.000040,-1.902234,-0.000021,-10.085000,
2.860000,0.000006,-6.164090,-0.000008,-0.000112,13.121442,0.000052,-1.618137,-0.000011,-9.488800,
2.870000,0.000006,-5.099379,-0.000011,0.000036,12.321854,0.000063,-1.175645,0.000034,-8.833800,
2.880000,0.000007,-3.854019,-0.000013,0.000069,11.473638,0.000072,-0.618073,-0.000029,-8.122800,
2.890000,0.000007,-2.472130,-0.000014,-0.000117,10.580140,0.000078,-0.000000,0.000000,-7.354800,
2.900000,0.000007,-1.002663,-0.000013,0.000069,9.644887,0.000081,0.618073,0.000029,-6.526100,
2.910000,0.000008,0.502323,-0.000011,0.000036,8.671571,0.000082,1.175645,-0.000034,-5.632800,
2.920000,0.000008,1.989514,-0.000008,-0.000112,7.664031,0.000080,1.618137,0.000011,-4.672400,
2.930000,0.000008,3.406226,-0.000004,0.000095,6.626245,0.000074,1.902234,0.000021,-3.646300,
2.940000,0.000008,4.702270,0.000000,-0.000000,5.562309,0.000066,2.000127,-0.000036,-2.561100,
2.950000,0.000008,5.831734,0.000004,-0.000095,4.476420,0.000056,1.902234,0.000021,-1.430000,
2.960000,0.000009,6.754606,0.000008,0.000112,3.372865,0.000044,1.618137,0.000011,-0.273390,
2.970000,0.000009,7.438193,0.000011,-0.000036,2.255999,0.000030,1.175645,-0.000034,0.881860,
2.980000,0.000009,7.858278,0.000013,-0.000069,1.130230,0.000015,0.618073,0.000029,2.003300,
2.990000,0.000009,7.999979,0.000014,0.000117,-0.000000,0.000000,-0.000000,-0.000000,3.055000,
3.000000,0.000009,7.858278,0.000013,-0.000069,-1.130230,-0.000015,-0.618073,-0.000029,4.000000,
3.010000,0.000009,7.438193,0.000011,-0.000036,-2.255999,-0.000030,-1.175645,0.000034,4.803300,
3.020000,0.000009,6.754606,0.000008,0.000112,-3.372865,-0.000044,-1.618137,-0.000011,5.434900,
3.030000,0.000008,5.831734,0.000004,-0.000095,-4.476420,-0.000056,-1.902234,-0.000021,5.872800,
3.040000,0.000008,4.702270,-0.000000,0.000000,-5.562309,-0.000066,-2.000127,0.000036,6.105100,
3.050000,0.000008,3.406226,-0.000004,0.000095,-6.626245,-0.000074,-1.902234,-0.000021,6.132300,
3.060000,0.000008,1.989514,-0.000008,-0.000112,-7.664031,-0.000080,-1.618137,-0.000011,5.967300,
3.070000,0.000008,0.502323,-0.000011,0.000036,-8.671571,-0.000082,-1.175645,0.000034,5.635800,
3.080000,0.000007,-1.002663,-0.000013,0.000069,-9.644887,-0.000081,-0.618073,-0.000029,5.174700,
3.090000,0.000007,-2.472130,-0.000014,-0.000117,-10.580140,-0.000078,0.000000,0.000000,4.630100,
3.100000,0.000007,-3.854019,-0.000013,0.000069,-11.473638,-0.000072,0.618073,0.000029,4.054000,
3.110000,0.000006,-5.099379,-0.000011,0.000036,-12.321854,-0.000063,1.175645,-0.000034,3.500800,
3.120000,0.000006,-6.164090,-0.000008,-0.000112,-13.121442,-0.000052,1.618137,0.000011,3.023400,
3.130000,0.000006,-7.010435,-0.000004,0.000095,-13.869246,-0.000040,1.902234,0.000021,2.669600,
3.140000,0.000005,-7.608433,-0.000000,0.000000,-14.562314,-0.000025,2.000127,-0.000036,2.478300,
3.150000,0.000005,-7.936897,0.000004,-0.000095,-15.197911,-0.000010,1.902234,0.000021,2.476900,
3.160000,0.000004,-7.984193,0.000008,0.000112,-15.773529,0.000005,1.618137,0.000011,2.679400,
3.170000,0.000004,-7.748645,0.000011,-0.000036,-16.286896,0.000020,1.175645,-0.000034,3.085600,
3.180000,0.000003,-7.238598,0.000013,-0.000069,-16.735986,0.000035,0.618073,0.000029,3.681300,
3.190000,0.000003,-6.472119,0.000014,0.000117,-17.119026,0.000048,-0.000000,-0.000000,4.439700,
3.200000,0.000002,-5.476363,0.000013,-0.000069,-17.434506,0.000060,-0.618073,-0.000029,5.323400,
3.210000,0.000002,-4.286603,0.000011,-0.000036,-17.681180,0.000069,-1.175645,0.000034,6.288100,
3.220000,0.000001,-2.944989,0.000008,0.000112,-17.858074,0.000076,-1.618137,-0.000011,7.285100,
3.230000,0.000001,-1.499047,0.000004,-0.000095,-17.964491,0.000081,-1.902234,-0.000021,8.265600,
3.240000,-0.000000,0.000000,-0.000000,0.000000,-18.000010,0.000082,-2.000127,0.000036,9.183800,
3.250000,-0.000001,1.499047,-0.000004,0.000095,-17.964491,0.000081,-1.902234,-0.000021,10.000000,
3.260000,-0.000001,2.944989,-0.000008,-0.000112,-17.858074,0.000076,-1.618137,-0.000011,10.683000,
3.270000,-0.000002,4.286603,-0.000011,0.000036,-17.681180,0.000069,-1.175645,0.000034,11.211000,
3.280000,-0.000002,5.476363,-0.000013,0.000069,-17.434506,0.000060,-0.618073,-0.000029,11.572000,
3.290000,-0.000003,6.472119,-0.000014,-0.000117,-17.119026,0.000048,0.000000,0.000000,11.764000,
3.300000,-0.000003,7.238598,-0.000013,0.000069,-16.735986,0.000035,0.618073,0.000029,11.796000,
3.310000,-0.000004,7.748645,-0.000011,0.000036,-16.286896,0.000020,1.175645,-0.000034,11.678000,
3.320000,-0.000004,7.984193,-0.000008,-0.000112,-15.773529,0.000005,1.618137,0.000011,11.430000,
3.330000,-0.000005,7.936897,-0.000004,0.000095,-15.197911,-0.000010,1.902234,0.000021,11.070000,
3.340000,-0.000005,7.608433,0.000000,0.000000,-14.562314,-0.000025,2.000127,-0.000036,10.616000,
3.350000,-0.000006,7.010435,0.000004,-0.000095,-13.869246,-0.000040,1.902234,0.000021,10.085000,
3.360000,-0.000006,6.164090,0.000008,0.000112,-13.121442,-0.000052,1.618137,0.000011,9.488800,
3.370000,-0.000006,5.099379,0.000011,-0.000036,-12.321854,-0.000063,1.175645,-0.000034,8.833800,
3.380000,-0.000007,3.854019,0.000013,-0.000069,-11.473638,-0.000072,0.618073,0.000029,8.122800,
3.390000,-0.000007,2.472130,0.000014,0.000117,-10.580140,-0.000078,-0.000000,0.000000,7.354800,
3.400000,-0.000007,1.002663,0.000013,-0.000069,-9.644887,-0.000081,-0.618073,-0.000029,6.526100,
3.410000,-0.000008,-0.502323,0.000011,-0.000036,-8.671571,-0.000082,-1.175645,0.000034,5.632800,
3.420000,-0.000008,-1.989514,0.000008,0.000112,-7.664031,-0.000080,-1.618137,-0.000011,4.672400,
3.430000,-0.000008,-3.406226,0.000004,-0.000095,-6.626245,-0.000074,-1.902234,-0.000021,3.646300,
3.440000,-0.000008,-4.702270,-0.000000,0.000000,-5.562309,-0.000066,-2.000127,0.000036,2.561100,
3.450000,-0.000008,-5.831734,-0.000004,0.000095,-4.476420,-0.000056,-1.902234,-0.000021,1.430000,
3.460000,-0.000009,-6.754606,-0.000008,-0.000112,-3.372865,-0.000044,-1.618137,-0.000011,0.273390,
3.470000,-0.000009,-7.438193,-0.000011,0.000036,-2.255999,-0.000030,-1.175645,0.000034,-0.881860,
3.480000,-0.000009,-7.858278,-0.000013,0.000069,-1.130230,-0.000015,-0.618073,-0.000029,-2.003300,
3.490000,-0.000009,-7.999979,-0.000014,-0.000117,-0.000000,0.000000,0.000000,0.000000,-3.055000,
3.500000,-0.000009,-7.858278,-0.000013,0.000069,1.130230,0.000015,0.618073,0.000029,-4.000000,
3.510000,-0.000009,-7.438193,-0.000011,0.000036,2.255999,0.000030,1.175645,-0.000034,-4.803300,
3.520000,-0.000009,-6.754606,-0.000008,-0.000112,3.372865,0.000044,1.618137,0.000011,-5.434900,
3.530000,-0.000008,-5.831734,-0.000004,0.000095,4.476420,0.000056,1.902234,0.000021,-5.872800,
3.540000,-0.000008,-4.702270,0.000000,-0.000000,5.562309,0.000066,2.000127,-0.000036,-6.105100,
3.550000,-0.000008,-3.406226,0.000004,-0.000095,6.626245,0.000074,1.902234,0.000021,-6.132300,
3.560000,-0.000008,-1.989514,0.000008,0.000112,7.664031,0.000080,1.618137,0.000011,-5.967300,
3.570000,-0.000008,-0.502323,0.000011,-0.000036,8.671571,0.000082,1.175645,-0.000034,-5.635800,
3.580000,-0.000007,1.002663,0.000013,-0.000069,9.644887,0.000081,0.618073,0.000029,-5.174700,
3.590000,-0.000007,2.472130,0.000014,0.000117,10.580140,0.000078,-0.000000,-0.000000,-4.630100,
3.600000,-0.000007,3.854019,0.000013,-0.000069,11.473638,0.000072,-0.618073,-0.000029,-4.054000,
3.610000,-0.000006,5.099379,0.000011,-0.000036,12.321854,0.000063,-1.175645,0.000034,-3.500800,
3.620000,-0.000006,6.164090,0.000008,0.000112,13.121442,0.000052,-1.618137,-0.000011,-3.023400,
3.630000,-0.000006,7.010435,0.000004,-0.000095,13.869246,0.000040,-1.902234,-0.000021,-2.669600,
3.640000,-0.000005,7.608433,-0.000000,0.000000,14.562314,0.000025,-2.000127,0.000036,-2.478300,
3.650000,-0.000005,7.936897,-0.000004,0.000095,15.197911,0.000010,-1.902234,-0.000021,-2.476900,
3.660000,-0.000004,7.984193,-0.000008,-0.000112,15.773529,-0.000005,-1.618137,-0.000011,-2.679400,
3.670000,-0.000004,7.748645,-0.000011,0.000036,16.286896,-0.000020,-1.175645,0.000034,-3.085600,
3.680000,-0.000003,7.238598,-0.000013,0.000069,16.735986,-0.000035,-0.618073,-0.000029,-3.681300,
3.690000,-0.000003,6.472119,-0.000014,-0.000117,17.119026,-0.000048,0.000000,0.000000,-4.439700,
3.700000,-0.000002,5.476363,-0.000013,0.000069,17.434506,-0.000060,0.618073,0.000029,-5.323400,
3.710000,-0.000002,4.286603,-0.000011,0.000036,17.681180,-0.000069,1.175645,-0.000034,-6.288100,
3.720000,-0.000001,2.944989,-0.000008,-0.000112,17.858074,-0.000076,1.618137,0.000011,-7.285100,
3.730000,-0.000001,1.499047,-0.000004,0.000095,17.964491,-0.000081,1.902234,0.000021,-8.265600,
3.740000,-0.000000,-0.000000,0.000000,-0.000000,18.000010,-0.000082,2.000127,-0.000036,-9.183800,
3.750000,0.000001,-1.499047,0.000004,-0.000095,17.964491,-0.000081,1.902234,0.000021,-10.000000,
3.760000,0.000001,-2.944989,0.000008,0.000112,17.858074,-0.000076,1.618137,0.000011,-10.683000,
3.770000,0.000002,-4.286603,0.000011,-0.000036,17.681180,-0.000069,1.175645,-0.000034,-11.211000,
3.780000,0.000002,-5.476363,0.000013,-0.000069,17.434506,-0.000060,0.618073,0.000029,-11.572000,
3.790000,0.000003,-6.472119,0.000014,0.000117,17.119026,-0.000048,-0.000000,-0.000000,-11.764000,
3.800000,0.000003,-7.238598,0.000013,-0.000069,16.735986,-0.000035,-0.618073,-0.000029,-11.796000,
3.810000,0.000004,-7.748645,0.000011,-0.000036,16.286896,-0.000020,-1.175645,0.000034,-11.678000,
3.820000,0.000004,-7.984193,0.000008,0.000112,15.773529,-0.000005,-1.618137,-0.000011,-11.430000,
3.830000,0.000005,-7.936897,0.000004,-0.000095,15.197911,0.000010,-1.902234,-0.000021,-11.070000,
3.840000,0.000005,-7.608433,-0.000000,-0.000000,14.562314,0.000025,-2.000127,0.000036,-10.616000,
3.850000,0.000006,-7.010435,-0.000004,0.000095,13.869246,0.000040,-1.902234,-0.000021,-10.085000,
3.860000,0.000006,-6.164090,-0.000008,-0.000112,13.121442,0.000052,-1.618137,-0.000011,-9.488800,
3.870000,0.000006,-5.099379,-0.000011,0.000036,12.321854,0.000063,-1.175645,0.000034,-8.833800,
3.880000,0.000007,-3.854019,-0.000013,0.000069,11.473638,0.000072,-0.618073,-0.000029,-8.122800,
3.890000,0.000007,-2.472130,-0.000014,-0.000117,10.580140,0.000078,0.000000,-0.000000,-7.354800,
3.900000,0.000007,-1.002663,-0.000013,0.000069,9.644887,0.000081,0.618073,0.000029,-6.526100,
3.910000,0.000008,0.502323,-0.000011,0.000036,8.671571,0.000082,1.175645,-0.000034,-5.632800,
3.920000,0.000008,1.989514,-0.000008,-0.000112,7.664031,0.000080,1.618137,0.000011,-4.672400,
3.930000,0.000008,3.406226,-0.000004,0.000095,6.626245,0.000074,1.902234,0.000021,-3.646300,
3.940000,0.000008,4.702270,0.000000,-0.000000,5.562309,0.000066,2.000127,-0.000036,-2.561100,
3.950000,0.000008,5.831734,0.000004,-0.000095,4.476420,0.000056,1.902234,0.000021,-1.430000,
3.960000,0.000009,6.754606,0.000008,0.000112,3.372865,0.000044,1.618137,0.000011,-0.273390,
3.970000,0.000009,7.438193,0.000011,-0.000036,2.255999,0.000030,1.175645,-0.000034,0.881860,
3.980000,0.000009,7.858278,0.000013,-0.000069,1.130230,0.000015,0.618073,0.000029,2.003300,
3.990000,0.000009,7.999979,0.000014,0.000117,-0.000000,-0.000000,-0.000000,0.000000,3.055000,
4.000000,0.000009,7.858278,0.000013,-0.000069,-1.130230,-0.000015,-0.618073,-0.000029,4.000000,
4.010000,0.000009,7.438193,0.000011,-0.000036,-2.255999,-0.000030,-1.175645,0.000034,4.803300,
4.020000,0.000009,6.754606,0.000008,0.000112,-3.372865,-0.000044,-1.618137,-0.000011,5.434900,
4.030000,0.000008,5.831734,0.000004,-0.000095,-4.476420,-0.000056,-1.902234,-0.000021,5.872800,
4.040000,0.000008,4.702270,0.000000,-0.000000,-5.562309,-0.000066,-2.000127,0.000036,6.105100,
4.050000,0.000008,3.406226,-0.000004,0.000095,-6.626245,-0.000074,-1.902234,-0.000021,6.132300,
4.060000,0.000008,1.989514,-0.000008,-0.000112,-7.664031,-0.000080,-1.618137,-0.000011,5.967300,
4.070000,0.000008,0.502323,-0.000011,0.000036,-8.671571,-0.000082,-1.175645,0.000034,5.635800,
4.080000,0.000007,-1.002663,-0.000013,0.000069,-9.644887,-0.000081,-0.618073,-0.000029,5.174700,
4.090000,0.000007,-2.472130,-0.000014,-0.000117,-10.580140,-0.000078,-0.000000,0.000000,4.630100,
4.100000,0.000007,-3.854019,-0.000013,0.000069,-11.473638,-0.000072,0.618073,0.000029,4.054000,
4.110000,0.000006,-5.099379,-0.000011,0.000036,-12.321854,-0.000063,1.175645,-0.000034,3.500800,
4.120000,0.000006,-6.164090,-0.000008,-0.000112,-13.121442,-0.000052,1.618137,0.000011,3.023400,
4.130000,0.000006,-7.010435,-0.000004,0.000095,-13.869246,-0.000040,1.902234,0.000021,2.669600,
4.140000,0.000005,-7.608433,-0.000000,-0.000000,-14.562314,-0.000025,2.000127,-0.000036,2.478300,
4.150000,0.000005,-7.936897,0.000004,-0.000095,-15.197911,-0.000010,1.902234,0.000021,2.476900,
4.160000,0.000004,-7.984193,0.000008,0.000112,-15.773529,0.000005,1.618137,0.000011,2.679400,
4.170000,0.000004,-7.748645,0.000011,-0.000036,-16.286896,0.000020,1.175645,-0.000034,3.085600,
4.180000,0.000003,-7.238598,0.000013,-0.000069,-16.735986,0.000035,0.618073,0.000029,3.681300,
4.190000,0.000003,-6.472119,0.000014,0.000117,-17.119026,0.000048,0.000000,-0.000000,4.439700,
4.200000,0.000002,-5.476363,0.000013,-0.000069,-17.434506,0.000060,-0.618073,-0.000029,5.323400,
4.210000,0.000002,-4.286603,0.000011,-0.000036,-17.681180,0.000069,-1.175645,0.000034,6.288100,
4.220000,0.000001,-2.944989,0.000008,0.000112,-17.858074,0.000076,-1.618137,-0.000011,7.285100,
4.230000,0.000001,-1.499047,0.000004,-0.000095,-17.964491,0.000081,-1.902234,-0.000021,8.265600,
4.240000,-0.000000,0.000000,0.000000,0.000000,-18.000010,0.000082,-2.000127,0.000036,9.183800,
4.250000,-0.000001,1.499047,-0.000004,0.000095,-17.964491,0.000081,-1.902234,-0.000021,10.000000,
4.260000,-0.000001,2.944989,-0.000008,-0.000112,-17.858074,0.000076,-1.618137,-0.000011,10.683000,
4.270000,-0.000002,4.286603,-0.000011,0.000036,-17.681180,0.000069,-1.175645,0.000034,11.211000,
4.280000,-0.000002,5.476363,-0.000013,0.000069,-17.434506,0.000060,-0.618073,-0.000029,11.572000,
4.290000,-0.000003,6.472119,-0.000014,-0.000117,-17.119026,0.000048,-0.000000,0.000000,11.764000,
4.300000,-0.000003,7.238598,-0.000013,0.000069,-16.735986,0.000035,0.618073,0.000029,11.796000,
4.310000,-0.000004,7.748645,-0.000011,0.000036,-16.286896,0.000020,1.175645,-0.000034,11.678000,
4.320000,-0.000004,7.984193,-0.000008,-0.000112,-15.773529,0.000005,1.618137,0.000011,11.430000,
4.330000,-0.000005,7.936897,-0.000004,0.000095,-15.197911,-0.000010,1.902234,0.000021,11.070000,
4.340000,-0.000005,7.608433,-0.000000,-0.000000,-14.562314,-0.000025,2.000127,-0.000036,10.616000,
4.350000,-0.000006,7.010435,0.000004,-0.000095,-13.869246,-0.000040,1.902234,0.000021,10.085000,
4.360000,-0.000006,6.164090,0.000008,0.000112,-13.121442,-0.000052,1.618137,0.000011,9.488800,
4.370000,-0.000006,5.099379,0.000011,-0.000036,-12.321854,-0.000063,1.175645,-0.000034,8.833800,
4.380000,-0.000007,3.854019,0.000013,-0.000069,-11.473638,-0.000072,0.618073,0.000029,8.122800,
4.390000,-0.000007,2.472130,0.000014,0.000117,-10.580140,-0.000078,0.000000,0.000000,7.354800,
4.400000,-0.000007,1.002663,0.000013,-0.000069,-9.644887,-0.000081,-0.618073,-0.000029,6.526100,
4.410000,-0.000008,-0.502323,0.000011,-0.000036,-8.671571,-0.000082,-1.175645,0.000034,5.632800,
4.420000,-0.000008,-1.989514,0.000008,0.000112,-7.664031,-0.000080,-1.618137,-0.000011,4.672400,
4.430000,-0.000008,-3.406226,0.000004,-0.000095,-6.626245,-0.000074,-1.902234,-0.000021,3.646300,
4.440000,-0.000008,-4.702270,-0.000000,0.000000,-5.562309,-0.000066,-2.000127,0.000036,2.561100,
4.450000,-0.000008,-5.831734,-0.000004,0.000095,-4.476420,-0.000056,-1.902234,-0.000021,1.430000,
4.460000,-0.000009,-6.754606,-0.000008,-0.000112,-3.372865,-0.000044,-1.618137,-0.000011,0.273390,
4.470000,-0.000009,-7.438193,-0.000011,0.000036,-2.255999,-0.000030,-1.175645,0.000034,-0.881860,
4.480000,-0.000009,-7.858278,-0.000013,0.000069,-1.130230,-0.000015,-0.618073,-0.000029,-2.003300,
4.490000,-0.000009,-7.999979,-0.000014,-0.000117,0.000000,0.000000,-0.000000,0.000000,-3.055000,
4.500000,-0.000009,-7.858278,-0.000013,0.000069,1.130230,0.000015,0.618073,0.000029,-4.000000,
4.510000,-0.000009,-7.438193,-0.000011,0.000036,2.255999,0.000030,1.175645,-0.000034,-4.803300,
4.520000,-0.000009,-6.754606,-0.000008,-0.000112,3.372865,0.000044,1.618137,0.000011,-5.434900,
4.530000,-0.000008,-5.831734,-0.000004,0.000095,4.476420,0.000056,1.902234,0.000021,-5.872800,
4.540000,-0.000008,-4.702270,-0.000000,0.000000,5.562309,0.000066,2.000127,-0.000036,-6.105100,
4.550000,-0.000008,-3.406226,0.000004,-0.000095,6.626245,0.000074,1.902234,0.000021,-6.132300,
4.560000,-0.000008,-1.989514,0.000008,0.000112,7.664031,0.000080,1.618137,0.000011,-5.967300,
4.570000,-0.000008,-0.502323,0.000011,-0.000036,8.671571,0.000082,1.175645,-0.000034,-5.635800,
4.580000,-0.000007,1.002663,0.000013,-0.000069,9.644887,0.000081,0.618073,0.000029,-5.174700,
4.590000,-0.000007,2.472130,0.000014,0.000117,10.580140,0.000078,0.000000,0.000000,-4.630100,
4.600000,-0.000007,3.854019,0.000013,-0.000069,11.473638,0.000072,-0.618073,-0.000029,-4.054000,
4.610000,-0.000006,5.099379,0.000011,-0.000036,12.321854,0.000063,-1.175645,0.000034,-3.500800,
4.620000,-0.000006,6.164090,0.000008,0.000112,13.121442,0.000052,-1.618137,-0.000011,-3.023400,
4.630000,-0.000006,7.010435,0.000004,-0.000095,13.869246,0.000040,-1.902234,-0.000021,-2.669600,
4.640000,-0.000005,7.608433,0.000000,0.000000,14.562314,0.000025,-2.000127,0.000036,-2.478300,
4.650000,-0.000005,7.936897,-0.000004,0.000095,15.197911,0.000010,-1.902234,-0.000021,-2.476900,
4.660000,-0.000004,7.984193,-0.000008,-0.000112,15.773529,-0.000005,-1.618137,-0.000011,-2.679400,
4.670000,-0.000004,7.748645,-0.000011,0.000036,16.286896,-0.000020,-1.175645,0.000034,-3.085600,
4.680000,-0.000003,7.238598,-0.000013,0.000069,16.735986,-0.000035,-0.618073,-0.000029,-3.681300,
4.690000,-0.000003,6.472119,-0.000014,-0.000117,17.119026,-0.000048,0.000000,0.000000,-4.439700,
4.700000,-0.000002,5.476363,-0.000013,0.000069,17.434506,-0.000060,0.618073,0.000029,-5.323400,
4.710000,-0.000002,4.286603,-0.000011,0.000036,17.681180,-0.000069,1.175645,-0.000034,-6.288100,
4.720000,-0.000001,2.944989,-0.000008,-0.000112,17.858074,-0.000076,1.618137,0.000011,-7.285100,
4.730000,-0.000001,1.499047,-0.000004,0.000095,17.964491,-0.000081,1.902234,0.000021,-8.265600,
4.740000,-0.000000,0.000000,-0.000000,-0.000000,18.000010,-0.000082,2.000127,-0.000036,-9.183800,
4.750000,0.000001,-1.499047,0.000004,-0.000095,17.964491,-0.000081,1.902234,0.000021,-10.000000,
4.760000,0.000001,-2.944989,0.000008,0.000112,17.858074,-0.000076,1.618137,0.000011,-10.683000,
4.770000,0.000002,-4.286603,0.000011,-0.000036,17.681180,-0.000069,1.175645,-0.000034,-11.211000,
4.780000,0.000002,-5.476363,0.000013,-0.000069,17.434506,-0.000060,0.618073,0.000029,-11.572000,
4.790000,0.000003,-6.472119,0.000014,0.000117,17.119026,-0.000048,0.000000,-0.000000,-11.764000,
4.800000,0.000003,-7.238598,0.000013,-0.000069,16.735986,-0.000035,-0.618073,-0.000029,-11.796000,
4.810000,0.000004,-7.748645,0.000011,-0.000036,16.286896,-0.000020,-1.175645,0.000034,-11.678000,
4.820000,0.000004,-7.984193,0.000008,0.000112,15.773529,-0.000005,-1.618137,-0.000011,-11.430000,
4.830000,0.000005,-7.936897,0.000004,-0.000095,15.197911,0.000010,-1.902234,-0.000021,-11.070000,
4.840000,0.000005,-7.608433,0.000000,0.000000,14.562314,0.000025,-2.000127,0.000036,-10.616000,
4.850000,0.000006,-7.010435,-0.000004,0.000095,13.869246,0.000040,-1.902234,-0.000021,-10.085000,
4.860000,0.000006,-6.164090,-0.000008,-0.000112,13.121442,0.000052,-1.618137,-0.000011,-9.488800,
4.870000,0.000006,-5.099379,-0.000011,0.000036,12.321854,0.000063,-1.175645,0.000034,-8.833800,
4.880000,0.000007,-3.854019,-0.000013,0.000069,11.473638,0.000072,-0.618073,-0.000029,-8.122800,
4.890000,0.000007,-2.472130,-0.000014,-0.000117,10.580140,0.000078,-0.000000,-0.000000,-7.354800,
4.900000,0.000007,-1.002663,-0.000013,0.000069,9.644887,0.000081,0.618073,0.000029,-6.526100,
4.910000,0.000008,0.502323,-0.000011,0.000036,8.671571,0.000082,1.175645,-0.000034,-5.632800,
4.920000,0.000008,1.989514,-0.000008,-0.000112,7.664031,0.000080,1.618137,0.000011,-4.672400,
4.930000,0.000008,3.406226,-0.000004,0.000095,6.626245,0.000074,1.902234,0.000021,-3.646300,
4.940000,0.000008,4.702270,0.000000,-0.000000,5.562309,0.000066,2.000127,-0.000036,-2.561100,
4.950000,0.000008,5.831734,0.000004,-0.000095,4.476420,0.000056,1.902234,0.000021,-1.430000,
4.960000,0.000009,6.754606,0.000008,0.000112,3.372865,0.000044,1.618137,0.000011,-0.273390,
4.970000,0.000009,7.438193,0.000011,-0.000036,2.255999,0.000030,1.175645,-0.000034,0.881860,
4.980000,0.000009,7.858278,0.000013,-0.000069,1.130230,0.000015,0.618073,0.000029,2.003300,
4.990000,0.000009,7.999979,0.000014,0.000117,-0.000000,-0.000000,0.000000,-0.000000,3.055000,
5.000000,0.000009,7.858278,0.000013,-0.000069,-1.130230,-0.000015,-0.618073,-0.000029,4.000000,
5.010000,0.000009,7.438193,0.000011,-0.000036,-2.255999,-0.000030,-1.175645,0.000034,4.803300,
5.020000,0.000009,6.754606,0.000008,0.000112,-3.372865,-0.000044,-1.618137,-0.000011,5.434900,
5.030000,0.000008,5.831734,0.000004,-0.000095,-4.476420,-0.000056,-1.902234,-0.000021,5.872800,
5.040000,0.000008,4.702270,0.000000,-0.000000,-5.562309,-0.000066,-2.000127,0.000036,6.105100,
5.050000,0.000008,3.406226,-0.000004,0.000095,-6.626245,-0.000074,-1.902234,-0.000021,6.132300,
5.060000,0.000008,1.989514,-0.000008,-0.000112,-7.664031,-0.000080,-1.618137,-0.000011,5.967300,
5.070000,0.000008,0.502323,-0.000011,0.000036,-8.671571,-0.000082,-1.175645,0.000034,5.635800,
5.080000,0.000007,-1.002663,-0.000013,0.000069,-9.644887,-0.000081,-0.618073,-0.000029,5.174700,
5.090000,0.000007,-2.472130,-0.000014,-0.000117,-10.580140,-0.000078,-0.000000,-0.000000,4.630100,
5.100000,0.000007,-3.854019,-0.000013,0.000069,-11.473638,-0.000072,0.618073,0.000029,4.054000,
5.110000,0.000006,-5.099379,-0.000011,0.000036,-12.321854,-0.000063,1.175645,-0.000034,3.500800,
5.120000,0.000006,-6.164090,-0.000008,-0.000112,-13.121442,-0.000052,1.618137,0.000011,3.023400,
5.130000,0.000006,-7.010435,-0.000004,0.000095,-13.869246,-0.000040,1.902234,0.000021,2.669600,
5.140000,0.000005,-7.608433,-0.000000,0.000000,-14.562314,-0.000025,2.000127,-0.000036,2.478300,
5.150000,0.000005,-7.936897,0.000004,-0.000095,-15.197911,-0.000010,1.902234,0.000021,2.476900,
5.160000,0.000004,-7.984193,0.000008,0.000112,-15.773529,0.000005,1.618137,0.000011,2.679400,
5.170000,0.000004,-7.748645,0.000011,-0.000036,-16.286896,0.000020,1.175645,-0.000034,3.085600,
5.180000,0.000003,-7.238598,0.000013,-0.000069,-16.735986,0.000035,0.618073,0.000029,3.681300,
5.190000,0.000003,-6.472119,0.000014,0.000117,-17.119026,0.000048,-0.000000,-0.000000,4.439700,
5.200000,0.000002,-5.476363,0.000013,-0.000069,-17.434506,0.000060,-0.618073,-0.000029,5.323400,
5.210000,0.000002,-4.286603,0.000011,-0.000036,-17.681180,0.000069,-1.175645,0.000034,6.288100,
5.220000,0.000001,-2.944989,0.000008,0.000112,-17.858074,0.000076,-1.618137,-0.000011,7.285100,
5.230000,0.000001,-1.499047,0.000004,-0.000095,-17.964491,0.000081,-1.902234,-0.000021,8.265600,
5.240000,-0.000000,0.000000,-0.000000,0.000000,-18.000010,0.000082,-2.000127,0.000036,9.183800,
5.250000,-0.000001,1.499047,-0.000004,0.000095,-17.964491,0.000081,-1.902234,-0.000021,10.000000,
5.260000,-0.000001,2.944989,-0.000008,-0.000112,-17.858074,0.000076,-1.618137,-0.000011,10.683000,
5.270000,-0.000002,4.286603,-0.000011,0.000036,-17.681180,0.000069,-1.175645,0.000034,11.211000,
5.280000,-0.000002,5.476363,-0.000013,0.000069,-17.434506,0.000060,-0.618073,-0.000029,11.572000,
5.290000,-0.000003,6.472119,-0.000014,-0.000117,-17.119026,0.000048,-0.000000,0.000000,11.764000,
5.300000,-0.000003,7.238598,-0.000013,0.000069,-16.735986,0.000035,0.618073,0.000029,11.796000,
5.310000,-0.000004,7.748645,-0.000011,0.000036,-16.286896,0.000020,1.175645,-0.000034,11.678000,
5.320000,-0.000004,7.984193,-0.000008,-0.000112,-15.773529,0.000005,1.618137,0.000011,11.430000,
5.330000,-0.000005,7.936897,-0.000004,0.000095,-15.197911,-0.000010,1.902234,0.000021,11.070000,
5.340000,-0.000005,7.608433,-0.000000,-0.000000,-14.562314,-0.000025,2.000127,-0.000036,10.616000,
5.350000,-0.000006,7.010435,0.000004,-0.000095,-13.869246,-0.000040,1.902234,0.000021,10.085000,
5.360000,-0.000006,6.164090,0.000008,0.000112,-13.121442,-0.000052,1.618137,0.000011,9.488800,
5.370000,-0.000006,5.099379,0.000011,-0.000036,-12.321854,-0.000063,1.175645,-0.000034,8.833800,
5.380000,-0.000007,3.854019,0.000013,-0.000069,-11.473638,-0.000072,0.618073,0.000029,8.122800,
5.390000,-0.000007,2.472130,0.000014,0.000117,-10.580140,-0.000078,0.000000,0.000000,7.354800,
5.400000,-0.000007,1.002663,0.000013,-0.000069,-9.644887,-0.000081,-0.618073,-0.000029,6.526100,
5.410000,-0.000008,-0.502323,0.000011,-0.000036,-8.671571,-0.000082,-1.175645,0.000034,5.632800,
5.420000,-0.000008,-1.989514,0.000008,0.000112,-7.664031,-0.000080,-1.618137,-0.000011,4.672400,
5.430000,-0.000008,-3.406226,0.000004,-0.000095,-6.626245,-0.000074,-1.902234,-0.000021,3.646300,
5.440000,-0.000008,-4.702270,-0.000000,0.000000,-5.562309,-0.000066,-2.000127,0.000036,2.561100,
5.450000,-0.000008,-5.831734,-0.000004,0.000095,-4.476420,-0.000056,-1.902234,-0.000021,1.430000,
5.460000,-0.000009,-6.754606,-0.000008,-0.000112,-3.372865,-0.000044,-1.618137,-0.000011,0.273390,
5.470000,-0.000009,-7.438193,-0.000011,0.000036,-2.255999,-0.000030,-1.175645,0.000034,-0.881860,
5.480000,-0.000009,-7.858278,-0.000013,0.000069,-1.130230,-0.000015,-0.618073,-0.000029,-2.003300,
5.490000,-0.000009,-7.999979,-0.000014,-0.000117,0.000000,0.000000,0.000000,0.000000,-3.055000,
5.500000,-0.000009,-7.858278,-0.000013,0.000069,1.130230,0.000015,0.618073,0.000029,-4.000000,
5.510000,-0.000009,-7.438193,-0.000011,0.000036,2.255999,0.000030,1.175645,-0.000034,-4.803300,
5.520000,-0.000009,-6.754606,-0.000008,-0.000112,3.372865,0.000044,1.618137,0.000011,-5.434900,
5.530000,-0.000008,-5.831734,-0.000004,0.000095,4.476420,0.000056,1.902234,0.000021,-5.872800,
5.540000,-0.000008,-4.702270,-0.000000,-0.000000,5.562309,0.000066,2.000127,-0.000036,-6.105100,
5.550000,-0.000008,-3.406226,0.000004,-0.000095,6.626245,0.000074,1.902234,0.000021,-6.132300,
5.560000,-0.000008,-1.989514,0.000008,0.000112,7.664031,0.000080,1.618137,0.000011,-5.967300,
5.570000,-0.000008,-0.502323,0.000011,-0.000036,8.671571,0.000082,1.175645,-0.000034,-5.635800,
5.580000,-0.000007,1.002663,0.000013,-0.000069,9.644887,0.000081,0.618073,0.000029,-5.174700,
5.590000,-0.000007,2.472130,0.000014,0.000117,10.580140,0.000078,0.000000,-0.000000,-4.630100,
5.600000,-0.000007,3.854019,0.000013,-0.000069,11.473638,0.000072,-0.618073,-0.000029,-4.054000,
5.610000,-0.000006,5.099379,0.000011,-0.000036,12.321854,0.000063,-1.175645,0.000034,-3.500800,
5.620000,-0.000006,6.164090,0.000008,0.000112,13.121442,0.000052,-1.618137,-0.000011,-3.023400,
5.630000,-0.000006,7.010435,0.000004,-0.000095,13.869246,0.000040,-1.902234,-0.000021,-2.669600,
5.640000,-0.000005,7.608433,0.000000,-0.000000,14.562314,0.000025,-2.000127,0.000036,-2.478300,
5.650000,-0.000005,7.936897,-0.000004,0.000095,15.197911,0.000010,-1.902234,-0.000021,-2.476900,
5.660000,-0.000004,7.984193,-0.000008,-0.000112,15.773529,-0.000005,-1.618137,-0.000011,-2.679400,
5.670000,-0.000004,7.748645,-0.000011,0.000036,16.286896,-0.000020,-1.175645,0.000034,-3.085600,
5.680000,-0.000003,7.238598,-0.000013,0.000069,16.735986,-0.000035,-0.618073,-0.000029,-3.681300,
5.690000,-0.000003,6.472119,-0.000014,-0.000117,17.119026,-0.000048,0.000000,0.000000,-4.439700,
5.700000,-0.000002,5.476363,-0.000013,0.000069,17.434506,-0.000060,0.618073,0.000029,-5.323400,
5.710000,-0.000002,4.286603,-0.000011,0.000036,17.681180,-0.000069,1.175645,-0.000034,-6.288100,
5.720000,-0.000001,2.944989,-0.000008,-0.000112,17.858074,-0.000076,1.618137,0.000011,-7.285100,
5.730000,-0.000001,1.499047,-0.000004,0.000095,17.964491,-0.000081,1.902234,0.000021,-8.265600,
5.740000,-0.000000,-0.000000,0.000000,-0.000000,18.000010,-0.000082,2.000127,-0.000036,-9.183800,
5.750000,0.000001,-1.499047,0.000004,-0.000095,17.964491,-0.000081,1.902234,0.000021,-10.000000,
5.760000,0.000001,-2.944989,0.000008,0.000112,17.858074,-0.000076,1.618137,0.000011,-10.683000,
5.770000,0.000002,-4.286603,0.000011,-0.000036,17.681180,-0.000069,1.175645,-0.000034,-11.211000,
5.780000,0.000002,-5.476363,0.000013,-0.000069,17.434506,-0.000060,0.618073,0.000029,-11.572000,
5.790000,0.000003,-6.472119,0.000014,0.000117,17.119026,-0.000048,0.000000,0.000000,-11.764000,
5.800000,0.000003,-7.238598,0.000013,-0.000069,16.735986,-0.000035,-0.618073,-0.000029,-11.796000,
5.810000,0.000004,-7.748645,0.000011,-0.000036,16.286896,-0.000020,-1.175645,0.000034,-11.678000,
5.820000,0.000004,-7.984193,0.000008,0.000112,15.773529,-0.000005,-1.618137,-0.000011,-11.430000,
5.830000,0.000005,-7.936897,0.000004,-0.000095,15.197911,0.000010,-1.902234,-0.000021,-11.070000,
5.840000,0.000005,-7.608433,0.000000,0.000000,14.562314,0.000025,-2.000127,0.000036,-10.616000,
5.850000,0.000006,-7.010435,-0.000004,0.000095,13.869246,0.000040,-1.902234,-0.000021,-10.085000,
5.860000,0.000006,-6.164090,-0.000008,-0.000112,13.121442,0.000052,-1.618137,-0.000011,-9.488800,
5.870000,0.000006,-5.099379,-0.000011,0.000036,12.321854,0.000063,-1.175645,0.000034,-8.833800,
5.880000,0.000007,-3.854019,-0.000013,0.000069,11.473638,0.000072,-0.618073,-0.000029,-8.122800,
5.890000,0.000007,-2.472130,-0.000014,-0.000117,10.580140,0.000078,0.000000,0.000000,-7.354800,
5.900000,0.000007,-1.002663,-0.000013,0.000069,9.644887,0.000081,0.618073,0.000029,-6.526100,
5.910000,0.000008,0.502323,-0.000011,0.000036,8.671571,0.000082,1.175645,-0.000034,-5.632800,
5.920000,0.000008,1.989514,-0.000008,-0.000112,7.664031,0.000080,1.618137,0.000011,-4.672400,
5.930000,0.000008,3.406226,-0.000004,0.000095,6.626245,0.000074,1.902234,0.000021,-3.646300,
5.940000,0.000008,4.702270,0.000000,-0.000000,5.562309,0.000066,2.000127,-0.000036,-2.561100,
5.950000,0.000008,5.831734,0.000004,-0.000095,4.476420,0.000056,1.902234,0.000021,-1.430000,
5.960000,0.000009,6.754606,0.000008,0.000112,3.372865,0.000044,1.618137,0.000011,-0.273390,
5.970000,0.000009,7.438193,0.000011,-0.000036,2.255999,0.000030,1.175645,-0.000034,0.881860,
5.980000,0.000009,7.858278,0.000013,-0.000069,1.130230,0.000015,0.618073,0.000029,2.003300,
5.990000,0.000009,7.999979,0.000014,0.000117,-0.000000,-0.000000,-0.000000,-0.000000,3.055000,
6.000000,0.000009,7.858278,0.000013,-0.000069,-1.130230,-0.000015,-0.618073,-0.000029,4.000000,
6.010000,0.000009,7.438193,0.000011,-0.000036,-2.255999,-0.000030,-1.175645,0.000034,4.803300,
6.020000,0.000009,6.754606,0.000008,0.000112,-3.372865,-0.000044,-1.618137,-0.000011,5.434900,
6.030000,0.000008,5.831734,0.000004,-0.000095,-4.476420,-0.000056,-1.902234,-0.000021,5.872800,
6.040000,0.000008,4.702270,0.000000,-0.000000,-5.562309,-0.000066,-2.000127,0.000036,6.105100,
6.050000,0.000008,3.406226,-0.000004,0.000095,-6.626245,-0.000074,-1.902234,-0.000021,6.132300,
6.060000,0.000008,1.989514,-0.000008,-0.000112,-7.664031,-0.000080,-1.618137,-0.000011,5.967300,
6.070000,0.000008,0.502323,-0.000011,0.000036,-8.671571,-0.000082,-1.175645,0.000034,5.635800,
6.080000,0.000007,-1.002663,-0.000013,0.000069,-9.644887,-0.000081,-0.618073,-0.000029,5.174700,
6.090000,0.000007,-2.472130,-0.000014,-0.000117,-10.580140,-0.000078,0.000000,0.000000,4.630100,
6.100000,0.000007,-3.854019,-0.000013,0.000069,-11.473638,-0.000072,0.618073,0.000029,4.054000,
6.110000,0.000006,-5.099379,-0.000011,0.000036,-12.321854,-0.000063,1.175645,-0.000034,3.500800,
6.120000,0.000006,-6.164090,-0.000008,-0.000112,-13.121442,-0.000052,1.618137,0.000011,3.023400,
6.130000,0.000006,-7.010435,-0.000004,0.000095,-13.869246,-0.000040,1.902234,0.000021,2.669600,
6.140000,0.000005,-7.608433,0.000000,-0.000000,-14.562314,-0.000025,2.000127,-0.000036,2.478300,
6.150000,0.000005,-7.936897,0.000004,-0.000095,-15.197911,-0.000010,1.902234,0.000021,2.476900,
6.160000,0.000004,-7.984193,0.000008,0.000112,-15.773529,0.000005,1.618137,0.000011,2.679400,
6.170000,0.000004,-7.748645,0.000011,-0.000036,-16.286896,0.000020,1.175645,-0.000034,3.085600,
6.180000,0.000003,-7.238598,0.000013,-0.000069,-16.735986,0.000035,0.618073,0.000029,3.681300,
6.190000,0.000003,-6.472119,0.000014,0.000117,-17.119026,0.000048,0.000000,-0.000000,4.439700,
6.200000,0.000002,-5.476363,0.000013,-0.000069,-17.434506,0.000060,-0.618073,-0.000029,5.323400,
6.210000,0.000002,-4.286603,0.000011,-0.000036,-17.681180,0.000069,-1.175645,0.000034,6.288100,
6.220000,0.000001,-2.944989,0.000008,0.000112,-17.858074,0.000076,-1.618137,-0.000011,7.285100,
6.230000,0.000001,-1.499047,0.000004,-0.000095,-17.964491,0.000081,-1.902234,-0.000021,8.265600,
6.240000,-0.000000,0.000000,-0.000000,0.000000,-18.000010,0.000082,-2.000127,0.000036,9.183800,
6.250000,-0.000001,1.499047,-0.000004,0.000095,-17.964491,0.000081,-1.902234,-0.000021,10.000000,
6.260000,-0.000001,2.944989,-0.000008,-0.000112,-17.858074,0.000076,-1.618137,-0.000011,10.683000,
6.270000,-0.000002,4.286603,-0.000011,0.000036,-17.681180,0.000069,-1.175645,0.000034,11.211000,
6.280000,-0.000002,5.476363,-0.000013,0.000069,-17.434506,0.000060,-0.618073,-0.000029,11.572000,
6.290000,-0.000003,6.472119,-0.000014,-0.000117,-17.119026,0.000048,0.000000,0.000000,11.764000,
6.300000,-0.000003,7.238598,-0.000013,0.000069,-16.735986,0.000035,0.618073,0.000029,11.796000,
6.310000,-0.000004,7.748645,-0.000011,0.000036,-16.286896,0.000020,1.175645,-0.000034,11.678000,
6.320000,-0.000004,7.984193,-0.000008,-0.000112,-15.773529,0.000005,1.618137,0.000011,11.430000,
6.330000,-0.000005,7.936897,-0.000004,0.000095,-15.197911,-0.000010,1.902234,0.000021,11.070000,
6.340000,-0.000005,7.608433,0.000000,-0.000000,-14.562314,-0.000025,2.000127,-0.000036,10.616000,
6.350000,-0.000006,7.010435,0.000004,-0.000095,-13.869246,-0.000040,1.902234,0.000021,10.085000,
6.360000,-0.000006,6.164090,0.000008,0.000112,-13.121442,-0.000052,1.618137,0.000011,9.488800,
6.370000,-0.000006,5.099379,0.000011,-0.000036,-12.321854,-0.000063,1.175645,-0.000034,8.833800,
6.380000,-0.000007,3.854019,0.000013,-0.000069,-11.473638,-0.000072,0.618073,0.000029,8.122800,
6.390000,-0.000007,2.472130,0.000014,0.000117,-10.580140,-0.000078,-0.000000,0.000000,7.354800,
6.400000,-0.000007,1.002663,0.000013,-0.000069,-9.644887,-0.000081,-0.618073,-0.000029,6.526100,
6.410000,-0.000008,-0.502323,0.000011,-0.000036,-8.671571,-0.000082,-1.175645,0.000034,5.632800,
6.420000,-0.000008,-1.989514,0.000008,0.000112,-7.664031,-0.000080,-1.618137,-0.000011,4.672400,
6.430000,-0.000008,-3.406226,0.000004,-0.000095,-6.626245,-0.000074,-1.902234,-0.000021,3.646300,
6.440000,-0.000008,-4.702270,0.000000,0.000000,-5.562309,-0.000066,-2.000127,0.000036,2.561100,
6.450000,-0.000008,-5.831734,-0.000004,0.000095,-4.476420,-0.000056,-1.902234,-0.000021,1.430000,
6.460000,-0.000009,-6.754606,-0.000008,-0.000112,-3.372865,-0.000044,-1.618137,-0.000011,0.273390,
6.470000,-0.000009,-7.438193,-0.000011,0.000036,-2.255999,-0.000030,-1.175645,0.000034,-0.881860,
6.480000,-0.000009,-7.858278,-0.000013,0.000069,-1.130230,-0.000015,-0.618073,-0.000029,-2.003300,
6.490000,-0.000009,-7.999979,-0.000014,-0.000117,0.000000,-0.000000,0.000000,0.000000,-3.055000,
6.500000,-0.000009,-7.858278,-0.000013,0.000069,1.130230,0.000015,0.618073,0.000029,-4.000000,
6.510000,-0.000009,-7.438193,-0.000011,0.000036,2.255999,0.000030,1.175645,-0.000034,-4.803300,
6.520000,-0.000009,-6.754606,-0.000008,-0.000112,3.372865,0.000044,1.618137,0.000011,-5.434900,
6.530000,-0.000008,-5.831734,-0.000004,0.000095,4.476420,0.000056,1.902234,0.000021,-5.872800,
6.540000,-0.000008,-4.702270,0.000000,-0.000000,5.562309,0.000066,2.000127,-0.000036,-6.105100,
6.550000,-0.000008,-3.406226,0.000004,-0.000095,6.626245,0.000074,1.902234,0.000021,-6.132300,
6.560000,-0.000008,-1.989514,0.000008,0.000112,7.664031,0.000080,1.618137,0.000011,-5.967300,
6.570000,-0.000008,-0.502323,0.000011,-0.000036,8.671571,0.000082,1.175645,-0.000034,-5.635800,
6.580000,-0.000007,1.002663,0.000013,-0.000069,9.644887,0.000081,0.618073,0.000029,-5.174700,
6.590000,-0.000007,2.472130,0.000014,0.000117,10.580140,0.000078,-0.000000,-0.000000,-4.630100,
6.600000,-0.000007,3.854019,0.000013,-0.000069,11.473638,0.000072,-0.618073,-0.000029,-4.054000,
6.610000,-0.000006,5.099379,0.000011,-0.000036,12.321854,0.000063,-1.175645,0.000034,-3.500800,
6.620000,-0.000006,6.164090,0.000008,0.000112,13.121442,0.000052,-1.618137,-0.000011,-3.023400,
6.630000,-0.000006,7.010435,0.000004,-0.000095,13.869246,0.000040,-1.902234,-0.000021,-2.669600,
6.640000,-0.000005,7.608433,-0.000000,0.000000,14.562314,0.000025,-2.000127,0.000036,-2.478300,
6.650000,-0.000005,7.936897,-0.000004,0.000095,15.197911,0.000010,-1.902234,-0.000021,-2.476900,
6.660000,-0.000004,7.984193,-0.000008,-0.000112,15.773529,-0.000005,-1.618137,-0.000011,-2.679400,
6.670000,-0.000004,7.748645,-0.000011,0.000036,16.286896,-0.000020,-1.175645,0.000034,-3.085600,
6.680000,-0.000003,7.238598,-0.000013,0.000069,16.735986,-0.000035,-0.618073,-0.000029,-3.681300,
6.690000,-0.000003,6.472119,-0.000014,-0.000117,17.119026,-0.000048,0.000000,-0.000000,-4.439700,
6.700000,-0.000002,5.476363,-0.000013,0.000069,17.434506,-0.000060,0.618073,0.000029,-5.323400,
6.710000,-0.000002,4.286603,-0.000011,0.000036,17.681180,-0.000069,1.175645,-0.000034,-6.288100,
6.720000,-0.000001,2.944989,-0.000008,-0.000112,17.858074,-0.000076,1.618137,0.000011,-7.285100,
6.730000,-0.000001,1.499047,-0.000004,0.000095,17.964491,-0.000081,1.902234,0.000021,-8.265600,
6.740000,-0.000000,-0.000000,0.000000,-0.000000,18.000010,-0.000082,2.000127,-0.000036,-9.183800,
6.750000,0.000001,-1.499047,0.000004,-0.000095,17.964491,-0.000081,1.902234,0.000021,-10.000000,
6.760000,0.000001,-2.944989,0.000008,0.000112,17.858074,-0.000076,1.618137,0.000011,-10.683000,
6.770000,0.000002,-4.286603,0.000011,-0.000036,17.681180,-0.000069,1.175645,-0.000034,-11.211000,
6.780000,0.000002,-5.476363,0.000013,-0.000069,17.434506,-0.000060,0.618073,0.000029,-11.572000,
6.790000,0.000003,-6.472119,0.000014,0.000117,17.119026,-0.000048,-0.000000,-0.000000,-11.764000,
6.800000,0.000003,-7.238598,0.000013,-0.000069,16.735986,-0.000035,-0.618073,-0.000029,-11.796000,
6.810000,0.000004,-7.748645,0.000011,-0.000036,16.286896,-0.000020,-1.175645,0.000034,-11.678000,
6.820000,0.000004,-7.984193,0.000008,0.000112,15.773529,-0.000005,-1.618137,-0.000011,-11.430000,
6.830000,0.000005,-7.936897,0.000004,-0.000095,15.197911,0.000010,-1.902234,-0.000021,-11.070000,
6.840000,0.000005,-7.608433,-0.000000,0.000000,14.562314,0.000025,-2.000127,0.000036,-10.616000,
6.850000,0.000006,-7.010435,-0.000004,0.000095,13.869246,0.000040,-1.902234,-0.000021,-10.085000,
6.860000,0.000006,-6.164090,-0.000008,-0.000112,13.121442,0.000052,-1.618137,-0.000011,-9.488800,
6.870000,0.000006,-5.099379,-0.000011,0.000036,12.321854,0.000063,-1.175645,0.000034,-8.833800,
6.880000,0.000007,-3.854019,-0.000013,0.000069,11.473638,0.000072,-0.618073,-0.000029,-8.122800,
6.890000,0.000007,-2.472130,-0.000014,-0.000117,10.580140,0.000078,0.000000,0.000000,-7.354800,
6.900000,0.000007,-1.002663,-0.000013,0.000069,9.644887,0.000081,0.618073,0.000029,-6.526100,
6.910000,0.000008,0.502323,-0.000011,0.000036,8.671571,0.000082,1.175645,-0.000034,-5.632800,
6.920000,0.000008,1.989514,-0.000008,-0.000112,7.664031,0.000080,1.618137,0.000011,-4.672400,
6.930000,0.000008,3.406226,-0.000004,0.000095,6.626245,0.000074,1.902234,0.000021,-3.646300,
6.940000,0.000008,4.702270,0.000000,0.000000,5.562309,0.000066,2.000127,-0.000036,-2.561100,
6.950000,0.000008,5.831734,0.000004,-0.000095,4.476420,0.000056,1.902234,0.000021,-1.430000,
6.960000,0.000009,6.754606,0.000008,0.000112,3.372865,0.000044,1.618137,0.000011,-0.273390,
6.970000,0.000009,7.438193,0.000011,-0.000036,2.255999,0.000030,1.175645,-0.000034,0.881860,
6.980000,0.000009,7.858278,0.000013,-0.000069,1.130230,0.000015,0.618073,0.000029,2.003300,
6.990000,0.000009,7.999979,0.000014,0.000117,-0.000000,-0.000000,-0.000000,0.000000,3.055000,
7.000000,0.000009,7.858278,0.000013,-0.000069,-1.130230,-0.000015,-0.618073,-0.000029,4.000000,
7.010000,0.000009,7.438193,0.000011,-0.000036,-2.255999,-0.000030,-1.175645,0.000034,4.803300,
7.020000,0.000009,6.754606,0.000008,0.000112,-3.372865,-0.000044,-1.618137,-0.000011,5.434900,
7.030000,0.000008,5.831734,0.000004,-0.000095,-4.476420,-0.000056,-1.902234,-0.000021,5.872800,
7.040000,0.000008,4.702270,0.000000,0.000000,-5.562309,-0.000066,-2.000127,0.000036,6.105100,
7.050000,0.000008,3.406226,-0.000004,0.000095,-6.626245,-0.000074,-1.902234,-0.000021,6.132300,
7.060000,0.000008,1.989514,-0.000008,-0.000112,-7.664031,-0.000080,-1.618137,-0.000011,5.967300,
7.070000,0.000008,0.502323,-0.000011,0.000036,-8.671571,-0.000082,-1.175645,0.000034,5.635800,
7.080000,0.000007,-1.002663,-0.000013,0.000069,-9.644887,-0.000081,-0.618073,-0.000029,5.174700,
7.090000,0.000007,-2.472130,-0.000014,-0.000117,-10.580140,-0.000078,-0.000000,0.000000,4.630100,
7.100000,0.000007,-3.854019,-0.000013,0.000069,-11.473638,-0.000072,0.618073,0.000029,4.054000,
7.110000,0.000006,-5.099379,-0.000011,0.000036,-12.321854,-0.000063,1.175645,-0.000034,3.500800,
7.120000,0.000006,-6.164090,-0.000008,-0.000112,-13.121442,-0.000052,1.618137,0.000011,3.023400,
7.130000,0.000006,-7.010435,-0.000004,0.000095,-13.869246,-0.000040,1.902234,0.000021,2.669600,
7.140000,0.000005,-7.608433,-0.000000,-0.000000,-14.562314,-0.000025,2.000127,-0.000036,2.478300,
7.150000,0.000005,-7.936897,0.000004,-0.000095,-15.197911,-0.000010,1.902234,0.000021,2.476900,
7.160000,0.000004,-7.984193,0.000008,0.000112,-15.773529,0.000005,1.618137,0.000011,2.679400,
7.170000,0.000004,-7.748645,0.000011,-0.000036,-16.286896,0.000020,1.175645,-0.000034,3.085600,
7.180000,0.000003,-7.238598,0.000013,-0.000069,-16.735986,0.000035,0.618073,0.000029,3.681300,
7.190000,0.000003,-6.472119,0.000014,0.000117,-17.119026,0.000048,0.000000,0.000000,4.439700,
7.200000,0.000002,-5.476363,0.000013,-0.000069,-17.434506,0.000060,-0.618073,-0.000029,5.323400,
7.210000,0.000002,-4.286603,0.000011,-0.000036,-17.681180,0.000069,-1.175645,0.000034,6.288100,
7.220000,0.000001,-2.944989,0.000008,0.000112,-17.858074,0.000076,-1.618137,-0.000011,7.285100,
7.230000,0.000001,-1.499047,0.000004,-0.000095,-17.964491,0.000081,-1.902234,-0.000021,8.265600,
7.240000,-0.000000,0.000000,0.000000,0.000000,-18.000010,0.000082,-2.000127,0.000036,9.183800,
7.250000,-0.000001,1.499047,-0.000004,0.000095,-17.964491,0.000081,-1.902234,-0.000021,10.000000,
7.260000,-0.000001,2.944989,-0.000008,-0.000112,-17.858074,0.000076,-1.618137,-0.000011,10.683000,
7.270000,-0.000002,4.286603,-0.000011,0.000036,-17.681180,0.000069,-1.175645,0.000034,11.211000,
7.280000,-0.000002,5.476363,-0.000013,0.000069,-17.434506,0.000060,-0.618073,-0.000029,11.572000,
7.290000,-0.000003,6.472119,-0.000014,-0.000117,-17.119026,0.000048,-0.000000,-0.000000,11.764000,
7.300000,-0.000003,7.238598,-0.000013,0.000069,-16.735986,0.000035,0.618073,0.000029,11.796000,
7.310000,-0.000004,7.748645,-0.000011,0.000036,-16.286896,0.000020,1.175645,-0.000034,11.678000,
7.320000,-0.000004,7.984193,-0.000008,-0.000112,-15.773529,0.000005,1.618137,0.000011,11.430000,
7.330000,-0.000005,7.936897,-0.000004,0.000095,-15.197911,-0.000010,1.902234,0.000021,11.070000,
7.340000,-0.000005,7.608433,0.000000,-0.000000,-14.562314,-0.000025,2.000127,-0.000036,10.616000,
7.350000,-0.000006,7.010435,0.000004,-0.000095,-13.869246,-0.000040,1.902234,0.000021,10.085000,
7.360000,-0.000006,6.164090,0.000008,0.000112,-13.121442,-0.000052,1.618137,0.000011,9.488800,
7.370000,-0.000006,5.099379,0.000011,-0.000036,-12.321854,-0.000063,1.175645,-0.000034,8.833800,
7.380000,-0.000007,3.854019,0.000013,-0.000069,-11.473638,-0.000072,0.618073,0.000029,8.122800,
7.390000,-0.000007,2.472130,0.000014,0.000117,-10.580140,-0.000078,0.000000,-0.000000,7.354800,
7.400000,-0.000007,1.002663,0.000013,-0.000069,-9.644887,-0.000081,-0.618073,-0.000029,6.526100,
7.410000,-0.000008,-0.502323,0.000011,-0.000036,-8.671571,-0.000082,-1.175645,0.000034,5.632800,
7.420000,-0.000008,-1.989514,0.000008,0.000112,-7.664031,-0.000080,-1.618137,-0.000011,4.672400,
7.430000,-0.000008,-3.406226,0.000004,-0.000095,-6.626245,-0.000074,-1.902234,-0.000021,3.646300,
7.440000,-0.000008,-4.702270,0.000000,-0.000000,-5.562309,-0.000066,-2.000127,0.000036,2.561100,
7.450000,-0.000008,-5.831734,-0.000004,0.000095,-4.476420,-0.000056,-1.902234,-0.000021,1.430000,
7.460000,-0.000009,-6.754606,-0.000008,-0.000112,-3.372865,-0.000044,-1.618137,-0.000011,0.273390,
7.470000,-0.000009,-7.438193,-0.000011,0.000036,-2.255999,-0.000030,-1.175645,0.000034,-0.881860,
7.480000,-0.000009,-7.858278,-0.000013,0.000069,-1.130230,-0.000015,-0.618073,-0.000029,-2.003300,
7.490000,-0.000009,-7.999979,-0.000014,-0.000117,0.000000,0.000000,-0.000000,0.000000,-3.055000,
7.500000,-0.000009,-7.858278,-0.000013,0.000069,1.130230,0.000015,0.618073,0.000029,-4.000000,
7.510000,-0.000009,-7.438193,-0.000011,0.000036,2.255999,0.000030,1.175645,-0.000034,-4.803300,
7.520000,-0.000009,-6.754606,-0.000008,-0.000112,3.372865,0.000044,1.618137,0.000011,-5.434900,
7.530000,-0.000008,-5.831734,-0.000004,0.000095,4.476420,0.000056,1.902234,0.000021,-5.872800,
7.540000,-0.000008,-4.702270,-0.000000,0.000000,5.562309,0.000066,2.000127,-0.000036,-6.105100,
7.550000,-0.000008,-3.406226,0.000004,-0.000095,6.626245,0.000074,1.902234,0.000021,-6.132300,
7.560000,-0.000008,-1.989514,0.000008,0.000112,7.664031,0.000080,1.618137,0.000011,-5.967300,
7.570000,-0.000008,-0.502323,0.000011,-0.000036,8.671571,0.000082,1.175645,-0.000034,-5.635800,
7.580000,-0.000007,1.002663,0.000013,-0.000069,9.644887,0.000081,0.618073,0.000029,-5.174700,
7.590000,-0.000007,2.472130,0.000014,0.000117,10.580140,0.000078,-0.000000,-0.000000,-4.630100,
7.600000,-0.000007,3.854019,0.000013,-0.000069,11.473638,0.000072,-0.618073,-0.000029,-4.054000,
7.610000,-0.000006,5.099379,0.000011,-0.000036,12.321854,0.000063,-1.175645,0.000034,-3.500800,
7.620000,-0.000006,6.164090,0.000008,0.000112,13.121442,0.000052,-1.618137,-0.000011,-3.023400,
7.630000,-0.000006,7.010435,0.000004,-0.000095,13.869246,0.000040,-1.902234,-0.000021,-2.669600,
7.640000,-0.000005,7.608433,0.000000,0.000000,14.562314,0.000025,-2.000127,0.000036,-2.478300,
7.650000,-0.000005,7.936897,-0.000004,0.000095,15.197911,0.000010,-1.902234,-0.000021,-2.476900,
7.660000,-0.000004,7.984193,-0.000008,-0.000112,15.773529,-0.000005,-1.618137,-0.000011,-2.679400,
7.670000,-0.000004,7.748645,-0.000011,0.000036,16.286896,-0.000020,-1.175645,0.000034,-3.085600,
7.680000,-0.000003,7.238598,-0.000013,0.000069,16.735986,-0.000035,-0.618073,-0.000029,-3.681300,
7.690000,-0.000003,6.472119,-0.000014,-0.000117,17.119026,-0.000048,-0.000000,-0.000000,-4.439700,
7.700000,-0.000002,5.476363,-0.000013,0.000069,17.434506,-0.000060,0.618073,0.000029,-5.323400,
7.710000,-0.000002,4.286603,-0.000011,0.000036,17.681180,-0.000069,1.175645,-0.000034,-6.288100,
7.720000,-0.000001,2.944989,-0.000008,-0.000112,17.858074,-0.000076,1.618137,0.000011,-7.285100,
7.730000,-0.000001,1.499047,-0.000004,0.000095,17.964491,-0.000081,1.902234,0.000021,-8.265600,
7.740000,0.000000,-0.000000,0.000000,-0.000000,18.000010,-0.000082,2.000127,-0.000036,-9.183800,
7.750000,0.000001,-1.499047,0.000004,-0.000095,17.964491,-0.000081,1.902234,0.000021,-10.000000,
7.760000,0.000001,-2.944989,0.000008,0.000112,17.858074,-0.000076,1.618137,0.000011,-10.683000,
7.770000,0.000002,-4.286603,0.000011,-0.000036,17.681180,-0.000069,1.175645,-0.000034,-11.211000,
7.780000,0.000002,-5.476363,0.000013,-0.000069,17.434506,-0.000060,0.618073,0.000029,-11.572000,
7.790000,0.000003,-6.472119,0.000014,0.000117,17.119026,-0.000048,0.000000,-0.000000,-11.764000,
7.800000,0.000003,-7.238598,0.000013,-0.000069,16.735986,-0.000035,-0.618073,-0.000029,-11.796000,
7.810000,0.000004,-7.748645,0.000011,-0.000036,16.286896,-0.000020,-1.175645,0.000034,-11.678000,
7.820000,0.000004,-7.984193,0.000008,0.000112,15.773529,-0.000005,-1.618137,-0.000011,-11.430000,
7.830000,0.000005,-7.936897,0.000004,-0.000095,15.197911,0.000010,-1.902234,-0.000021,-11.070000,
7.840000,0.000005,-7.608433,-0.000000,0.000000,14.562314,0.000025,-2.000127,0.000036,-10.616000,
7.850000,0.000006,-7.010435,-0.000004,0.000095,13.869246,0.000040,-1.902234,-0.000021,-10.085000,
7.860000,0.000006,-6.164090,-0.000008,-0.000112,13.121442,0.000052,-1.618137,-0.000011,-9.488800,
7.870000,0.000006,-5.099379,-0.000011,0.000036,12.321854,0.000063,-1.175645,0.000034,-8.833800,
7.880000,0.000007,-3.854019,-0.000013,0.000069,11.473638,0.000072,-0.618073,-0.000029,-8.122800,
7.890000,0.000007,-2.472130,-0.000014,-0.000117,10.580140,0.000078,-0.000000,-0.000000,-7.354800,
7.900000,0.000007,-1.002663,-0.000013,0.000069,9.644887,0.000081,0.618073,0.000029,-6.526100,
7.910000,0.000008,0.502323,-0.000011,0.000036,8.671571,0.000082,1.175645,-0.000034,-5.632800,
7.920000,0.000008,1.989514,-0.000008,-0.000112,7.664031,0.000080,1.618137,0.000011,-4.672400,
7.930000,0.000008,3.406226,-0.000004,0.000095,6.626245,0.000074,1.902234,0.000021,-3.646300,
7.940000,0.000008,4.702270,0.000000,-0.000000,5.562309,0.000066,2.000127,-0.000036,-2.561100,
7.950000,0.000008,5.831734,0.000004,-0.000095,4.476420,0.000056,1.902234,0.000021,-1.430000,
7.960000,0.000009,6.754606,0.000008,0.000112,3.372865,0.000044,1.618137,0.000011,-0.273390,
7.970000,0.000009,7.438193,0.000011,-0.000036,2.255999,0.000030,1.175645,-0.000034,0.881860,
7.980000,0.000009,7.858278,0.000013,-0.000069,1.130230,0.000015,0.618073,0.000029,2.003300,
7.990000,0.000009,7.999979,0.000014,0.000117,-0.000000,-0.000000,-0.000000,-0.000000,3.055000,
8.000000,0.000009,7.858278,0.000013,-0.000069,-1.130230,-0.000015,-0.618073,-0.000029,4.000000,
8.010000,0.000009,7.438193,0.000011,-0.000036,-2.255999,-0.000030,-1.175645,0.000034,4.803300,
8.020000,0.000009,6.754606,0.000008,0.000112,-3.372865,-0.000044,-1.618137,-0.000011,5.434900,
8.030000,0.000008,5.831734,0.000004,-0.000095,-4.476420,-0.000056,-1.902234,-0.000021,5.872800,
8.040000,0.000008,4.702270,-0.000000,0.000000,-5.562309,-0.000066,-2.000127,0.000036,6.105100,
8.050000,0.000008,3.406226,-0.000004,0.000095,-6.626245,-0.000074,-1.902234,-0.000021,6.132300,
8.060000,0.000008,1.989514,-0.000008,-0.000112,-7.664031,-0.000080,-1.618137,-0.000011,5.967300,
8.070000,0.000008,0.502323,-0.000011,0.000036,-8.671571,-0.000082,-1.175645,0.000034,5.635800,
8.080000,0.000007,-1.002663,-0.000013,0.000069,-9.644887,-0.000081,-0.618073,-0.000029,5.174700,
8.090000,0.000007,-2.472130,-0.000014,-0.000117,-10.580140,-0.000078,-0.000000,0.000000,4.630100,
8.100000,0.000007,-3.854019,-0.000013,0.000069,-11.473638,-0.000072,0.618073,0.000029,4.054000,
8.110000,0.000006,-5.099379,-0.000011,0.000036,-12.321854,-0.000063,1.175645,-0.000034,3.500800,
8.120000,0.000006,-6.164090,-0.000008,-0.000112,-13.121442,-0.000052,1.618137,0.000011,3.023400,
8.130000,0.000006,-7.010435,-0.000004,0.000095,-13.869246,-0.000040,1.902234,0.000021,2.669600,
8.140000,0.000005,-7.608433,0.000000,-0.000000,-14.562314,-0.000025,2.000127,-0.000036,2.478300,
8.150000,0.000005,-7.936897,0.000004,-0.000095,-15.197911,-0.000010,1.902234,0.000021,2.476900,
8.160000,0.000004,-7.984193,0.000008,0.000112,-15.773529,0.000005,1.618137,0.000011,2.679400,
8.170000,0.000004,-7.748645,0.000011,-0.000036,-16.286896,0.000020,1.175645,-0.000034,3.085600,
8.180000,0.000003,-7.238598,0.000013,-0.000069,-16.735986,0.000035,0.618073,0.000029,3.681300,
8.190000,0.000003,-6.472119,0.000014,0.000117,-17.119026,0.000048,-0.000000,0.000000,4.439700,
8.200000,0.000002,-5.476363,0.000013,-0.000069,-17.434506,0.000060,-0.618073,-0.000029,5.323400,
8.210000,0.000002,-4.286603,0.000011,-0.000036,-17.681180,0.000069,-1.175645,0.000034,6.288100,
8.220000,0.000001,-2.944989,0.000008,0.000112,-17.858074,0.000076,-1.618137,-0.000011,7.285100,
8.230000,0.000001,-1.499047,0.000004,-0.000095,-17.964491,0.000081,-1.902234,-0.000021,8.265600,
8.240000,-0.000000,-0.000000,-0.000000,0.000000,-18.000010,0.000082,-2.000127,0.000036,9.183800,
8.250000,-0.000001,1.499047,-0.000004,0.000095,-17.964491,0.000081,-1.902234,-0.000021,10.000000,
8.260000,-0.000001,2.944989,-0.000008,-0.000112,-17.858074,0.000076,-1.618137,-0.000011,10.683000,
8.270000,-0.000002,4.286603,-0.000011,0.000036,-17.681180,0.000069,-1.175645,0.000034,11.211000,
8.280000,-0.000002,5.476363,-0.000013,0.000069,-17.434506,0.000060,-0.618073,-0.000029,11.572000,
8.290000,-0.000003,6.472119,-0.000014,-0.000117,-17.119026,0.000048,0.000000,0.000000,11.764000,
8.300000,-0.000003,7.238598,-0.000013,0.000069,-16.735986,0.000035,0.618073,0.000029,11.796000,
8.310000,-0.000004,7.748645,-0.000011,0.000036,-16.286896,0.000020,1.175645,-0.000034,11.678000,
8.320000,-0.000004,7.984193,-0.000008,-0.000112,-15.773529,0.000005,1.618137,0.000011,11.430000,
8.330000,-0.000005,7.936897,-0.000004,0.000095,-15.197911,-0.000010,1.902234,0.000021,11.070000,
8.340000,-0.000005,7.608433,0.000000,0.000000,-14.562314,-0.000025,2.000127,-0.000036,10.616000,
8.350000,-0.000006,7.010435,0.000004,-0.000095,-13.869246,-0.000040,1.902234,0.000021,10.085000,
8.360000,-0.000006,6.164090,0.000008,0.000112,-13.121442,-0.000052,1.618137,0.000011,9.488800,
8.370000,-0.000006,5.099379,0.000011,-0.000036,-12.321854,-0.000063,1.175645,-0.000034,8.833800,
8.380000,-0.000007,3.854019,0.000013,-0.000069,-11.473638,-0.000072,0.618073,0.000029,8.122800,
8.390000,-0.000007,2.472130,0.000014,0.000117,-10.580140,-0.000078,-0.000000,-0.000000,7.354800,
8.400000,-0.000007,1.002663,0.000013,-0.000069,-9.644887,-0.000081,-0.618073,-0.000029,6.526100,
8.410000,-0.000008,-0.502323,0.000011,-0.000036,-8.671571,-0.000082,-1.175645,0.000034,5.632800,
8.420000,-0.000008,-1.989514,0.000008,0.000112,-7.664031,-0.000080,-1.618137,-0.000011,4.672400,
8.430000,-0.000008,-3.406226,0.000004,-0.000095,-6.626245,-0.000074,-1.902234,-0.000021,3.646300,
8.440000,-0.000008,-4.702270,-0.000000,0.000000,-5.562309,-0.000066,-2.000127,0.000036,2.561100,
8.450000,-0.000008,-5.831734,-0.000004,0.000095,-4.476420,-0.000056,-1.902234,-0.000021,1.430000,
8.460000,-0.000009,-6.754606,-0.000008,-0.000112,-3.372865,-0.000044,-1.618137,-0.000011,0.273390,
8.470000,-0.000009,-7.438193,-0.000011,0.000036,-2.255999,-0.000030,-1.175645,0.000034,-0.881860,
8.480000,-0.000009,-7.858278,-0.000013,0.000069,-1.130230,-0.000015,-0.618073,-0.000029,-2.003300,
8.490000,-0.000009,-7.999979,-0.000014,-0.000117,0.000000,0.000000,0.000000,-0.000000,-3.055000,
8.500000,-0.000009,-7.858278,-0.000013,0.000069,1.130230,0.000015,0.618073,0.000029,-4.000000,
8.510000,-0.000009,-7.438193,-0.000011,0.000036,2.255999,0.000030,1.175645,-0.000034,-4.803300,
8.520000,-0.000009,-6.754606,-0.000008,-0.000112,3.372865,0.000044,1.618137,0.000011,-5.434900,
8.530000,-0.000008,-5.831734,-0.000004,0.000095,4.476420,0.000056,1.902234,0.000021,-5.872800,
8.540000,-0.000008,-4.702270,-0.000000,-0.000000,5.562309,0.000066,2.000127,-0.000036,-6.105100,
8.550000,-0.000008,-3.406226,0.000004,-0.000095,6.626245,0.000074,1.902234,0.000021,-6.132300,
8.560000,-0.000008,-1.989514,0.000008,0.000112,7.664031,0.000080,1.618137,0.000011,-5.967300,
8.570000,-0.000008,-0.502323,0.000011,-0.000036,8.671571,0.000082,1.175645,-0.000034,-5.635800,
8.580000,-0.000007,1.002663,0.000013,-0.000069,9.644887,0.000081,0.618073,0.000029,-5.174700,
8.590000,-0.000007,2.472130,0.000014,0.000117,10.580140,0.000078,0.000000,0.000000,-4.630100,
8.600000,-0.000007,3.854019,0.000013,-0.000069,11.473638,0.000072,-0.618073,-0.000029,-4.054000,
8.610000,-0.000006,5.099379,0.000011,-0.000036,12.321854,0.000063,-1.175645,0.000034,-3.500800,
8.620000,-0.000006,6.164090,0.000008,0.000112,13.121442,0.000052,-1.618137,-0.000011,-3.023400,
8.630000,-0.000006,7.010435,0.000004,-0.000095,13.869246,0.000040,-1.902234,-0.000021,-2.669600,
8.640000,-0.000005,7.608433,0.000000,-0.000000,14.562314,0.000025,-2.000127,0.000036,-2.478300,
8.650000,-0.000005,7.936897,-0.000004,0.000095,15.197911,0.000010,-1.902234,-0.000021,-2.476900,
8.660000,-0.000004,7.984193,-0.000008,-0.000112,15.773529,-0.000005,-1.618137,-0.000011,-2.679400,
8.670000,-0.000004,7.748645,-0.000011,0.000036,16.286896,-0.000020,-1.175645,0.000034,-3.085600,
8.680000,-0.000003,7.238598,-0.000013,0.000069,16.735986,-0.000035,-0.618073,-0.000029,-3.681300,
8.690000,-0.000003,6.472119,-0.000014,-0.000117,17.119026,-0.000048,-0.000000,0.000000,-4.439700,
8.700000,-0.000002,5.476363,-0.000013,0.000069,17.434506,-0.000060,0.618073,0.000029,-5.323400,
8.710000,-0.000002,4.286603,-0.000011,0.000036,17.681180,-0.000069,1.175645,-0.000034,-6.288100,
8.720000,-0.000001,2.944989,-0.000008,-0.000112,17.858074,-0.000076,1.618137,0.000011,-7.285100,
8.730000,-0.000001,1.499047,-0.000004,0.000095,17.964491,-0.000081,1.902234,0.000021,-8.265600,
8.740000,0.000000,-0.000000,-0.000000,-0.000000,18.000010,-0.000082,2.000127,-0.000036,-9.183800,
8.750000,0.000001,-1.499047,0.000004,-0.000095,17.964491,-0.000081,1.902234,0.000021,-10.000000,
8.760000,0.000001,-2.944989,0.000008,0.000112,17.858074,-0.000076,1.618137,0.000011,-10.683000,
8.770000,0.000002,-4.286603,0.000011,-0.000036,17.681180,-0.000069,1.175645,-0.000034,-11.211000,
8.780000,0.000002,-5.476363,0.000013,-0.000069,17.434506,-0.000060,0.618073,0.000029,-11.572000,
8.790000,0.000003,-6.472119,0.000014,0.000117,17.119026,-0.000048,-0.000000,-0.000000,-11.764000,
8.800000,0.000003,-7.238598,0.000013,-0.000069,16.735986,-0.000035,-0.618073,-0.000029,-11.796000,
8.810000,0.000004,-7.748645,0.000011,-0.000036,16.286896,-0.000020,-1.175645,0.000034,-11.678000,
8.820000,0.000004,-7.984193,0.000008,0.000112,15.773529,-0.000005,-1.618137,-0.000011,-11.430000,
8.830000,0.000005,-7.936897,0.000004,-0.000095,15.197911,0.000010,-1.902234,-0.000021,-11.070000,
8.840000,0.000005,-7.608433,0.000000,-0.000000,14.562314,0.000025,-2.000127,0.000036,-10.616000,
8.850000,0.000006,-7.010435,-0.000004,0.000095,13.869246,0.000040,-1.902234,-0.000021,-10.085000,
8.860000,0.000006,-6.164090,-0.000008,-0.000112,13.121442,0.000052,-1.618137,-0.000011,-9.488800,
8.870000,0.000006,-5.099379,-0.000011,0.000036,12.321854,0.000063,-1.175645,0.000034,-8.833800,
8.880000,0.000007,-3.854019,-0.000013,0.000069,11.473638,0.000072,-0.618073,-0.000029,-8.122800,
8.890000,0.000007,-2.472130,-0.000014,-0.000117,10.580140,0.000078,-0.000000,0.000000,-7.354800,
8.900000,0.000007,-1.002663,-0.000013,0.000069,9.644887,0.000081,0.618073,0.000029,-6.526100,
8.910000,0.000008,0.502323,-0.000011,0.000036,8.671571,0.000082,1.175645,-0.000034,-5.632800,
8.920000,0.000008,1.989514,-0.000008,-0.000112,7.664031,0.000080,1.618137,0.000011,-4.672400,
8.930000,0.000008,3.406226,-0.000004,0.000095,6.626245,0.000074,1.902234,0.000021,-3.646300,
8.940000,0.000008,4.702270,-0.000000,0.000000,5.562309,0.000066,2.000127,-0.000036,-2.561100,
8.950000,0.000008,5.831734,0.000004,-0.000095,4.476420,0.000056,1.902234,0.000021,-1.430000,
8.960000,0.000009,6.754606,0.000008,0.000112,3.372865,0.000044,1.618137,0.000011,-0.273390,
8.970000,0.000009,7.438193,0.000011,-0.000036,2.255999,0.000030,1.175645,-0.000034,0.881860,
8.980000,0.000009,7.858278,0.000013,-0.000069,1.130230,0.000015,0.618073,0.000029,2.003300,
8.990000,0.000009,7.999979,0.000014,0.000117,-0.000000,-0.000000,-0.000000,-0.000000,3.055000,
9.000000,0.000009,7.858278,0.000013,-0.000069,-1.130230,-0.000015,-0.618073,-0.000029,4.000000,
9.010000,0.000009,7.438193,0.000011,-0.000036,-2.255999,-0.000030,-1.175645,0.000034,4.803300,
9.020000,0.000009,6.754606,0.000008,0.000112,-3.372865,-0.000044,-1.618137,-0.000011,5.434900,
9.030000,0.000008,5.831734,0.000004,-0.000095,-4.476420,-0.000056,-1.902234,-0.000021,5.872800,
9.040000,0.000008,4.702270,0.000000,0.000000,-5.562309,-0.000066,-2.000127,0.000036,6.105100,
9.050000,0.000008,3.406226,-0.000004,0.000095,-6.626245,-0.000074,-1.902234,-0.000021,6.132300,
9.060000,0.000008,1.989514,-0.000008,-0.000112,-7.664031,-0.000080,-1.618137,-0.000011,5.967300,
9.070000,0.000008,0.502323,-0.000011,0.000036,-8.671571,-0.000082,-1.175645,0.000034,5.635800,
9.080000,0.000007,-1.002663,-0.000013,0.000069,-9.644887,-0.000081,-0.618073,-0.000029,5.174700,
9.090000,0.000007,-2.472130,-0.000014,-0.000117,-10.580140,-0.000078,0.000000,-0.000000,4.630100,
9.100000,0.000007,-3.854019,-0.000013,0.000069,-11.473638,-0.000072,0.618073,0.000029,4.054000,
9.110000,0.000006,-5.099379,-0.000011,0.000036,-12.321854,-0.000063,1.175645,-0.000034,3.500800,
9.120000,0.000006,-6.164090,-0.000008,-0.000112,-13.121442,-0.000052,1.618137,0.000011,3.023400,
9.130000,0.000006,-7.010435,-0.000004,0.000095,-13.869246,-0.000040,1.902234,0.000021,2.669600,
9.140000,0.000005,-7.608433,0.000000,-0.000000,-14.562314,-0.000025,2.000127,-0.000036,2.478300,
9.150000,0.000005,-7.936897,0.000004,-0.000095,-15.197911,-0.000010,1.902234,0.000021,2.476900,
9.160000,0.000004,-7.984193,0.000008,0.000112,-15.773529,0.000005,1.618137,0.000011,2.679400,
9.170000,0.000004,-7.748645,0.000011,-0.000036,-16.286896,0.000020,1.175645,-0.000034,3.085600,
9.180000,0.000003,-7.238598,0.000013,-0.000069,-16.735986,0.000035,0.618073,0.000029,3.681300,
9.190000,0.000003,-6.472119,0.000014,0.000117,-17.119026,0.000048,-0.000000,-0.000000,4.439700,
9.200000,0.000002,-5.476363,0.000013,-0.000069,-17.434506,0.000060,-0.618073,-0.000029,5.323400,
9.210000,0.000002,-4.286603,0.000011,-0.000036,-17.681180,0.000069,-1.175645,0.000034,6.288100,
9.220000,0.000001,-2.944989,0.000008,0.000112,-17.858074,0.000076,-1.618137,-0.000011,7.285100,
9.230000,0.000001,-1.499047,0.000004,-0.000095,-17.964491,0.000081,-1.902234,-0.000021,8.265600,
9.240000,-0.000000,0.000000,-0.000000,-0.000000,-18.000010,0.000082,-2.000127,0.000036,9.183800,
9.250000,-0.000001,1.499047,-0.000004,0.000095,-17.964491,0.000081,-1.902234,-0.000021,10.000000,
9.260000,-0.000001,2.944989,-0.000008,-0.000112,-17.858074,0.000076,-1.618137,-0.000011,10.683000,
9.270000,-0.000002,4.286603,-0.000011,0.000036,-17.681180,0.000069,-1.175645,0.000034,11.211000,
9.280000,-0.000002,5.476363,-0.000013,0.000069,-17.434506,0.000060,-0.618073,-0.000029,11.572000,
9.290000,-0.000003,6.472119,-0.000014,-0.000117,-17.119026,0.000048,-0.000000,-0.000000,11.764000,
9.300000,-0.000003,7.238598,-0.000013,0.000069,-16.735986,0.000035,0.618073,0.000029,11.796000,
9.310000,-0.000004,7.748645,-0.000011,0.000036,-16.286896,0.000020,1.175645,-0.000034,11.678000,
9.320000,-0.000004,7.984193,-0.000008,-0.000112,-15.773529,0.000005,1.618137,0.000011,11.430000,
9.330000,-0.000005,7.936897,-0.000004,0.000095,-15.197911,-0.000010,1.902234,0.000021,11.070000,
9.340000,-0.000005,7.608433,-0.000000,-0.000000,-14.562314,-0.000025,2.000127,-0.000036,10.616000,
9.350000,-0.000006,7.010435,0.000004,-0.000095,-13.869246,-0.000040,1.902234,0.000021,10.085000,
9.360000,-0.000006,6.164090,0.000008,0.000112,-13.121442,-0.000052,1.618137,0.000011,9.488800,
9.370000,-0.000006,5.099379,0.000011,-0.000036,-12.321854,-0.000063,1.175645,-0.000034,8.833800,
9.380000,-0.000007,3.854019,0.000013,-0.000069,-11.473638,-0.000072,0.618073,0.000029,8.122800,
9.390000,-0.000007,2.472130,0.000014,0.000117,-10.580140,-0.000078,-0.000000,-0.000000,7.354800,
9.400000,-0.000007,1.002663,0.000013,-0.000069,-9.644887,-0.000081,-0.618073,-0.000029,6.526100,
9.410000,-0.000008,-0.502323,0.000011,-0.000036,-8.671571,-0.000082,-1.175645,0.000034,5.632800,
9.420000,-0.000008,-1.989514,0.000008,0.000112,-7.664031,-0.000080,-1.618137,-0.000011,4.672400,
9.430000,-0.000008,-3.406226,0.000004,-0.000095,-6.626245,-0.000074,-1.902234,-0.000021,3.646300,
9.440000,-0.000008,-4.702270,0.000000,0.000000,-5.562309,-0.000066,-2.000127,0.000036,2.561100,
9.450000,-0.000008,-5.831734,-0.000004,0.000095,-4.476420,-0.000056,-1.902234,-0.000021,1.430000,
9.460000,-0.000009,-6.754606,-0.000008,-0.000112,-3.372865,-0.000044,-1.618137,-0.000011,0.273390,
9.470000,-0.000009,-7.438193,-0.000011,0.000036,-2.255999,-0.000030,-1.175645,0.000034,-0.881860,
9.480000,-0.000009,-7.858278,-0.000013,0.000069,-1.130230,-0.000015,-0.618073,-0.000029,-2.003300,
9.490000,-0.000009,-7.999979,-0.000014,-0.000117,0.000000,0.000000,0.000000,0.000000,-3.055000,
9.500000,-0.000009,-7.858278,-0.000013,0.000069,1.130230,0.000015,0.618073,0.000029,-4.000000,
9.510000,-0.000009,-7.438193,-0.000011,0.000036,2.255999,0.000030,1.175645,-0.000034,-4.803300,
9.520000,-0.000009,-6.754606,-0.000008,-0.000112,3.372865,0.000044,1.618137,0.000011,-5.434900,
9.530000,-0.000008,-5.831734,-0.000004,0.000095,4.476420,0.000056,1.902234,0.000021,-5.872800,
9.540000,-0.000008,-4.702270,0.000000,0.000000,5.562309,0.000066,2.000127,-0.000036,-6.105100,
9.550000,-0.000008,-3.406226,0.000004,-0.000095,6.626245,0.000074,1.902234,0.000021,-6.132300,
9.560000,-0.000008,-1.989514,0.000008,0.000112,7.664031,0.000080,1.618137,0.000011,-5.967300,
9.570000,-0.000008,-0.502323,0.000011,-0.000036,8.671571,0.000082,1.175645,-0.000034,-5.635800,
9.580000,-0.000007,1.002663,0.000013,-0.000069,9.644887,0.000081,0.618073,0.000029,-5.174700,
9.590000,-0.000007,2.472130,0.000014,0.000117,10.580140,0.000078,-0.000000,-0.000000,-4.630100,
9.600000,-0.000007,3.854019,0.000013,-0.000069,11.473638,0.000072,-0.618073,-0.000029,-4.054000,
9.610000,-0.000006,5.099379,0.000011,-0.000036,12.321854,0.000063,-1.175645,0.000034,-3.500800,
9.620000,-0.000006,6.164090,0.000008,0.000112,13.121442,0.000052,-1.618137,-0.000011,-3.023400,
9.630000,-0.000006,7.010435,0.000004,-0.000095,13.869246,0.000040,-1.902234,-0.000021,-2.669600,
9.640000,-0.000005,7.608433,0.000000,-0.000000,14.562314,0.000025,-2.000127,0.000036,-2.478300,
9.650000,-0.000005,7.936897,-0.000004,0.000095,15.197911,0.000010,-1.902234,-0.000021,-2.476900,
9.660000,-0.000004,7.984193,-0.000008,-0.000112,15.773529,-0.000005,-1.618137,-0.000011,-2.679400,
9.670000,-0.000004,7.748645,-0.000011,0.000036,16.286896,-0.000020,-1.175645,0.000034,-3.085600,
9.680000,-0.000003,7.238598,-0.000013,0.000069,16.735986,-0.000035,-0.618073,-0.000029,-3.681300,
9.690000,-0.000003,6.472119,-0.000014,-0.000117,17.119026,-0.000048,0.000000,0.000000,-4.439700,
9.700000,-0.000002,5.476363,-0.000013,0.000069,17.434506,-0.000060,0.618073,0.000029,-5.323400,
9.710000,-0.000002,4.286603,-0.000011,0.000036,17.681180,-0.000069,1.175645,-0.000034,-6.288100,
9.720000,-0.000001,2.944989,-0.000008,-0.000112,17.858074,-0.000076,1.618137,0.000011,-7.285100,
9.730000,-0.000001,1.499047,-0.000004,0.000095,17.964491,-0.000081,1.902234,0.000021,-8.265600,
9.740000,0.000000,-0.000000,0.000000,-0.000000,18.000010,-0.000082,2.000127,-0.000036,-9.183800,
9.750000,0.000001,-1.499047,0.000004,-0.000095,17.964491,-0.000081,1.902234,0.000021,-10.000000,
9.760000,0.000001,-2.944989,0.000008,0.000112,17.858074,-0.000076,1.618137,0.000011,-10.683000,
9.770000,0.000002,-4.286603,0.000011,-0.000036,17.681180,-0.000069,1.175645,-0.000034,-11.211000,
9.780000,0.000002,-5.476363,0.000013,-0.000069,17.434506,-0.000060,0.618073,0.000029,-11.572000,
9.790000,0.000003,-6.472119,0.000014,0.000117,17.119026,-0.000048,-0.000000,-0.000000,-11.764000,
9.800000,0.000003,-7.238598,0.000013,-0.000069,16.735986,-0.000035,-0.618073,-0.000029,-11.796000,
9.810000,0.000004,-7.748645,0.000011,-0.000036,16.286896,-0.000020,-1.175645,0.000034,-11.678000,
9.820000,0.000004,-7.984193,0.000008,0.000112,15.773529,-0.000005,-1.618137,-0.000011,-11.430000,
9.830000,0.000005,-7.936897,0.000004,-0.000095,15.197911,0.000010,-1.902234,-0.000021,-11.070000,
9.840000,0.000005,-7.608433,-0.000000,0.000000,14.562314,0.000025,-2.000127,0.000036,-10.616000,
9.850000,0.000006,-7.010435,-0.000004,0.000095,13.869246,0.000040,-1.902234,-0.000021,-10.085000,
9.860000,0.000006,-6.164090,-0.000008,-0.000112,13.121442,0.000052,-1.618137,-0.000011,-9.488800,
9.870000,0.000006,-5.099379,-0.000011,0.000036,12.321854,0.000063,-1.175645,0.000034,-8.833800,
9.880000,0.000007,-3.854019,-0.000013,0.000069,11.473638,0.000072,-0.618073,-0.000029,-8.122800,
9.890000,0.000007,-2.472130,-0.000014,-0.000117,10.580140,0.000078,0.000000,0.000000,-7.354800,
9.900000,0.000007,-1.002663,-0.000013,0.000069,9.644887,0.000081,0.618073,0.000029,-6.526100,
9.910000,0.000008,0.502323,-0.000011,0.000036,8.671571,0.000082,1.175645,-0.000034,-5.632800,
9.920000,0.000008,1.989514,-0.000008,-0.000112,7.664031,0.000080,1.618137,0.000011,-4.672400,
9.930000,0.000008,3.406226,-0.000004,0.000095,6.626245,0.000074,1.902234,0.000021,-3.646300,
9.940000,0.000008,4.702270,0.000000,-0.000000,5.562309,0.000066,2.000127,-0.000036,-2.561100,
9.950000,0.000008,5.831734,0.000004,-0.000095,4.476420,0.000056,1.902234,0.000021,-1.430000,
9.960000,0.000009,6.754606,0.000008,0.000112,3.372865,0.000044,1.618137,0.000011,-0.273390,
9.970000,0.000009,7.438193,0.000011,-0.000036,2.255999,0.000030,1.175645,-0.000034,0.881860,
9.980000,0.000009,7.858278,0.000013,-0.000069,1.130230,0.000015,0.618073,0.000029,2.003300,
9.990000,0.000009,7.999979,0.000014,0.000117,0.000000,0.000000,0.000000,0.000000,3.055000,
